id,scheduled_date,scheduled_time,tweet_type,text,original_text,status,posted_at,tweet_id,error
1,2026-04-26,09:00,,"はじめまして、田中蓮です。

25歳：借金200万円
28歳：副業開始（初月3,000円）
32歳：資産500万円・副業月20万円

会社員のまま3年で借金を完済して
今は35歳FIREを目指してます。

NISA・iDeCo・副業の節税を
なるべくわかりやすく発信します。

同じ境遇の人と繋がりたいので
フォローしてもらえると嬉しいです🙏",,skipped,,,
2,2026-04-26,12:00,,"NISA口座を開設して
「よし、これで老後は安心」

と思ってる人

口座を“作っただけ”では
1円も増えません。

僕も開設した満足感で
8ヶ月間放置してました。

正しい設定方法、次にまとめます。
気になる人はフォローしておいてください。",,skipped,,,
3,2026-04-26,18:00,,"副業を始めたばかりの頃
最初の1ヶ月でやった3つのこと

1. クラウドワークスに登録して
　プロフィールだけ完成させた

2. 単価500円の案件を
　10個受けて「慣れる」だけにした

3. 時給換算しなかった
　（絶対にやる気なくなるので）

最初の月：3,000円
3ヶ月後：月3万円
1年後：月10万円

最初は「量をこなして慣れる」だけでいい。",,skipped,,,
4,2026-04-26,20:00,,"🔥 今週の口座開設キャンペーンまとめ

SBI証券
→ 入金3万円で2,000ポイントプレゼント

楽天証券
→ 新規口座開設でポイント3倍（5月末まで）

三井住友ゴールドNL
→ 初年度年会費無料・1万円利用で10,000ポイント

詳細は各公式サイトで確認を。
来週も速報します。

※アフィリエイト広告を含みます",,skipped,,,
5,2026-04-26,22:00,,"ちょっと聞いてもいいですか

副業を始めようと思って
結局始めていない理由って

・時間がない
・何から始めればいいかわからない
・失敗が怖い

どれが1番近いですか？

（僕は全部でした）",,skipped,,,
6,2026-04-27,00:19,,"副業を始めて最初に気づいたこと。

「稼ぐ力」より先に
「続ける仕組み」が必要だった。

やる気に頼った副業は3ヶ月で消える。
仕組みに乗せた副業は3年続く。

今日から発信を始めます。",,posted,2026-04-27 00:19:27,2048421708353470484,
7,2026-04-27,09:00,,"25歳のとき
クレカのリボ払いが200万円あった

貯金ゼロ・将来の見えない生活

転機は友人の一言だった
「副業で月5万稼いだ」

それを聞いて
悔しくて、焦って、副業を始めた

最初の月：3,000円
3年後：月20万円

これからその道のりを発信していく
フォローしてくれると嬉しい🙏",,skipped,,,
8,2026-04-27,12:00,,"給料日前に口座残高を見て
「あ、ヤバい」ってなる人

僕も毎月なってた

しかも年収450万あるのに
なぜか毎月カツカツだった

原因はシンプルだった

「使い道を決めないまま使ってた」

給料が入ったら先取りで貯蓄・投資をする
これだけで3年で500万貯まった",,posted,2026-04-27 12:00:40,2048598175691448620,
9,2026-04-27,18:00,,"副業を始めようとして
何もできなかった期間が半年あった

原因を分析すると3つ

1. 何をすればいいか調べすぎてた
2. 完璧な準備ができてから始めようとしてた
3. 失敗したときのことを考えすぎてた

全部「動かない理由」を探してただけ

副業の第一歩は「登録する」だけでいい
考えるのはその後",,skipped,,,
10,2026-04-27,20:00,,"🔥 今週チェックしておきたいキャンペーン

SBI証券
→ 口座開設＋条件達成で最大2,000円分

楽天証券
→ NISAスタート応援キャンペーン開催中

三井住友ゴールドNL
→ 年会費永年無料（条件あり）

詳細は各公式サイトへ。
キャンペーンは時期で変わるので都度確認を。

※アフィリエイト広告を含みます",,skipped,,,
11,2026-04-27,22:00,,"ちょっと聞いてもいい？

お金の悩みって
今どのフェーズにいる？

・毎月赤字でとにかくつらい
・黒字だけど全然貯まらない
・貯まってるけど増やし方がわからない
・資産形成はできてるけど副業も始めたい

コメントで教えてほしい
同じ悩みの人を繋げたいと思ってる",,skipped,,,
12,2026-04-28,09:00,,"🔥【今週の速報】口座開設キャンペーンまとめ

月曜の朝にチェックしておいて

・SBI証券：入金3万で2,000pt
・楽天証券：新NISA開始で特典あり
・auカブコム：口座開設で現金プレゼント

締め切りが近いものもあるので
今週中に確認を。

※アフィリエイト広告を含みます",,skipped,,,
13,2026-04-28,12:00,,"「NISA始めよう」と思って
1年経ってる人

あるあるすぎて笑えない

僕もそうだった

「口座開設が面倒」
「何を買えばいいかわからない」
「損したらどうしよう」

全部、乗り越えられる壁だった

一番後悔してるのは
「もっと早く始めればよかった」
という感想だけ",,skipped,,,
14,2026-04-28,18:00,,"副業収入が月3万を超えたとき
「これは本物だ」と初めて思った

最初の1,000円より3万円の方が
メンタルへの影響が全然違う

信じてもらえないかもしれないけど
最初の1ヶ月の3,000円が一番嬉しかった

0→1が一番難しくて
1→10は思ったより早い

副業、始めるなら今日がベストな理由がそこにある",,skipped,,,
15,2026-04-28,20:00,,"28歳のとき
お金の本を初めて読んだ

「金持ち父さん貧乏父さん」

読んだ感想：
「俺、完全に貧乏父さんの思考だ…」

年収が上がっても支出が追いかけてくる
だから貯まらない

この本1冊で
お金に対する考え方が変わった

読んでない人がいたらとりあえず読んでほしい一冊",,skipped,,,
16,2026-04-28,22:00,,"副業でどれくらい稼げたら
「本業を超えた」って思う？

・月5万円
・月10万円
・月20万円（本業の半分）
・月30万以上（本業と同じ）

僕の目標は月30万だった
今は月20万で次のステージを考えてる

あなたの目標、教えてほしい",,skipped,,,
17,2026-04-29,09:00,,"新NISAを始めるときに
やってはいけない設定ミス3選

1. 高コストのアクティブファンドを選ぶ
　→ 信託報酬0.5%以上は要注意

2. つみたて枠に少額すぎる設定
　→ 年120万まで使えるのに月1万は勿体ない

3. 銀行系の証券口座で始める
　→ 選べる商品数が少なすぎる

SBIか楽天で始めるのが基本",,skipped,,,
18,2026-04-29,12:00,,"「iDeCoって会社員でもできるの？」

知らない人が多すぎる

できます。
しかも節税効果がNISAより即効性がある

給料から引かれる前に投資できるので
所得税・住民税が毎年下がる

年収450万で試算したら
年間約4万円の節税になってた

これをやらないのは損してる",,posted,2026-04-29 11:59:01,2049322535788171561,
19,2026-04-29,18:00,,"🔥 副業民が見落としがちな節税3選

① 青色申告特別控除（65万円）
　→ 副業でも事業所得なら対象

② 経費計上できるものを知る
　→ 通信費・書籍代・カフェ代も一部OK

③ ふるさと納税をフル活用
　→ 副業収入が増えると還元額も上がる

この3つで年間10〜20万節税できる可能性がある",,posted,2026-04-29 17:59:24,2049413225696067674,
20,2026-04-29,20:00,,"副業を本業にしたい人へ

「本業の給料を超えてから辞める」
という戦略は正直おすすめしない

副業の収入は安定しない
本業の安定があるから副業に集中できる

僕の今の戦略：
副業→投資→資産形成→FIRE

会社を辞めるより
働かなくていい状態を作ることが目標",,posted,2026-04-29 19:59:31,2049443456976929193,
21,2026-04-29,22:00,,"正直に教えてほしい

会社員を続けながら
副業をやろうと思えない理由って何？

・時間がない（残業多い）
・バレたら怖い
・何をすればいいかわからない
・そもそも副業に興味がない

理由を知りたい
同じ悩みの人が多い気がしてる",,posted,2026-04-29 22:01:33,2049474167402266932,
22,2026-04-30,09:00,,"30歳で借金を完済した日
銀行のアプリを何度も見返した

「本当に0になってる…」

25歳から28歳まで
借金と一緒に生きてきたから
なくなったことが信じられなかった

あの感覚を味わいたくて
今は資産を積み上げてる

借金→ゼロ→資産形成
同じルートを歩いてる人と繋がりたい",,skipped,,,
23,2026-04-30,12:00,,"副業で稼いだお金の
最適な使い道ランキング

【節税効果順】

1位：iDeCo（所得控除・即効性◎）
2位：ふるさと納税（返礼品＋節税）
3位：NISA（非課税投資）
4位：経費の前払い（年度内）
5位：生活防衛費（3〜6ヶ月分）

この順番で使うと
稼いだ金額以上の効果が出ることがある

保存しておくと後で役に立つかも👇",,error,,,"403 Forbidden
You are not permitted to perform this action."
24,2026-04-30,18:00,,"「副業収入があると確定申告が面倒」

本当にそう思ってた

実際やってみると
会計ソフト使えば年間2〜3時間で終わる

しかも節税の恩恵が大きくて
「なんで今まで怖がってたんだろう」ってなった

難しいのは最初だけで
2年目からは慣れてスムーズになる",,posted,2026-04-30 18:01:59,2049776264891060632,
25,2026-04-30,20:00,,"🔥 GW前にやっておきたい金融手続き

□ NISA口座の設定確認
　→ 積立が正しく設定されてるか
□ iDeCoの掛金（年に1回まで変更可）
　→ 上限額に近づけてるか確認
□ クレカ積立の設定漏れチェック

GW中は金融機関が休みになる
今週中に確認しておくと安心",,posted,2026-04-30 19:57:09,2049805247326163229,
26,2026-04-30,22:00,,"NISAの積立、何に投資してる？

・オルカン（全世界株）
・S&P500（米国株）
・先進国株インデックス
・国内株
・迷ってる・まだ始めてない

正解はないけど
みんながどう考えてるか知りたい

僕はオルカン7割・S&P5003割にしてる",,posted,2026-04-30 21:57:18,2049835485846282734,
27,2026-05-01,09:00,,"新NISAを最速でスタートする手順

① SBIか楽天で口座開設（10分）
② マイナンバー提出（スマホで完結）
③ NISA口座の申請（証券会社から案内くる）
④ 積立設定（月1万〜でOK）
⑤ 商品を選ぶ（オルカンかS&P500）

難しいのは①だけ
あとは誘導に従えば終わる

「いつか始めよう」は損してる",,skipped,,,
28,2026-05-01,12:00,,"NISAを「始めた気になってる人」あるある

・口座は作った
・入金もした
・でも「購入」の設定をしてない

これは投資してない
ただ口座に預金してる状態

実は僕も最初の8ヶ月これをやってた

設定できてるか、今すぐ確認してみて",,skipped,,,
29,2026-05-01,18:00,,"副業初心者が最初の1ヶ月でやること

やること：
① クラウドワークスに登録（無料）
② プロフィールを100%埋める
③ 単価低めの案件を5個応募する

やらないこと：
× スキルが身についてから始める
× 完璧な文章を書こうとする
× 時給計算する

とにかく「受注→納品」を経験することが最優先",,skipped,,,
30,2026-05-01,20:00,,"会社員×副業の最強節税コンボ

【月々の設定例】
・iDeCo：23,000円（全額所得控除）
・NISA積立：100,000円（非課税）
・ふるさと納税：年間5〜15万（副収入に応じて）
・経費計上：副業関連費用を記録する

副業収入200万でも手残りが全然変わってくる
詳しい計算はブログで書いてます",,skipped,,,
31,2026-05-01,22:00,,"GW、どう使う予定？

・副業のスキルアップ
・資産形成の勉強
・完全オフ（副業は後で考える）
・副業の案件こなす

「時間がある」と「やる気が出る」は別物だと思ってる

でもGWに動いた人と動かなかった人は
秋になると差がつき始める気がしてる",,skipped,,,
32,2026-05-02,09:00,,"🔥【5月の積立設定チェック】

証券会社によって
積立の「引き落とし日」が違う

SBI証券：毎月指定日
楽天証券：毎月指定日

設定した金額が正しく積み立てられてるか
昼休みに確認しておくと安心

ミスってた場合は今月中に設定変更を",,skipped,,,
33,2026-05-02,12:00,,"NISAで長期投資する人に知っておいてほしいこと

よく聞く質問：
「暴落したらどうするの？」

答え：何もしない

長期積立の最大の敵は
「暴落時に売ってしまうこと」

下がったときは安く買えるチャンス

これを頭に入れておくだけで
メンタルが全然違う",,skipped,,,
34,2026-05-02,18:00,,"副業を始めて
最初に驚いたこと

本業の給料：働く → 会社が決めた金額をもらう
副業の収入：自分が動いた分だけ増える

この感覚の違いが
副業を続けられた一番の理由だと思う

「自分の頑張りが直接数字に出る」

これが楽しくて
副業をやめられなくなった",,skipped,,,
35,2026-05-02,20:00,,"副業で稼ぎ続けている人の共通点

・毎日少しでも作業する（量をこなす）
・最初から単価より件数を優先する
・フィードバックを素直に受け入れる
・やめる理由を探さない

特別なスキルより
「継続する仕組みを持っているか」の差

才能より習慣の方が圧倒的に強い",,skipped,,,
36,2026-05-02,22:00,,"正直に聞かせてほしい

今の月収に満足してる？

・全然足りない
・少し足りない
・まあ満足してる
・十分だけど将来が不安

僕は手取り28万のとき
「どうすれば増えるのか」がわからなくて悩んでた

今の悩みを教えてほしい",,skipped,,,
37,2026-05-03,09:00,,"投資で一番やってはいけないこと

「全力投資」ではなく
「毎日チェック」

投資した後に毎日価格を確認すること

・上がったら「売ろうかな」
・下がったら「やめようかな」

この繰り返しで長期投資は崩壊する

スマホのホーム画面から証券アプリを消すだけで改善する",,skipped,,,
38,2026-05-03,12:00,,"クレカの還元率
「大して変わらない」は本当？

還元率1%と0.5%のカード
年間100万円使うと差は5,000円

5,000円÷12ヶ月＝月417円の差

「大して変わらん」と思う人もいるけど
何もしないで年5,000円もらえると思えば十分

副業民が選ぶなら積立との相性が重要",,skipped,,,
39,2026-05-03,18:00,,"🔥【GW中でもできる金融手続き】

オンラインで完結するもの

・ネット証券の口座開設
・クレカの新規申し込み
・ふるさと納税の手続き
・NISA積立設定の変更

GW明けに動こうとすると
キャンペーンが終わってることがある

「後で」が一番損するパターン

※アフィリエイト広告を含みます",,skipped,,,
40,2026-05-03,20:00,,"副業収入100万円を超えたら
必ず考えるべきこと

① 確定申告の準備（3月15日締め）
② 青色申告への切り替え申請
③ 経費の見直し（通信費・書籍・PC等）
④ iDeCoの掛金上限の確認
⑤ 個人事業主届の検討

これをやらないで放置すると
税金で30〜40万飛ぶこともある",,skipped,,,
41,2026-05-03,22:00,,"副業月20万になったとき
正直、怖かった

「これが続かなかったら」
「来月急に仕事がなくなったら」

不安は消えなかった

でも気づいたことがある
不安を消す方法は「準備」だけ

・半年分の生活費を確保する
・複数の収入源を持つ
・スキルをアップデートし続ける

不安と向き合いながら進んでる
同じ人と繋がりたい🙏",,skipped,,,
42,2026-05-04,09:00,型C,"🔥【速報】SBI証券の新NISA口座、今月開設で最大5,000円分のポイントがもらえるキャンペーン実施中！

期間限定なので早めに動くのがおすすめ。

口座開設は無料・スマホだけで完結します。

ぼくも28歳のとき最初に開いた口座がSBIです👀

詳細はリンクから確認してみてください。

※アフィリエイト広告を含みます","🔥【速報】SBI証券の新NISA口座、今月開設で最大5,000円分のポイントがもらえるキャンペーン実施中！

期間限定なので早めに動くのがおすすめ。

口座開設は無料・スマホだけで完結します。

ぼくも28歳のとき最初に開いた口座がSBIです👀

詳細はリンクから確認してみてください。

※アフィリエイト広告を含みます",skipped,,,
43,2026-05-04,12:00,型B,"新NISAって聞くたびに「なんかむずかしそう」って思って後回しにしてた、あの頃の自分に言いたい。

実はつみたて設定って最初の10分で終わるんだよね😅

むずかしいのは最初の一歩だけで、あとは放置でOKなのに、なんでもっと早く始めなかったんだろうってほんとに思う。","新NISAって聞くたびに「なんかむずかしそう」って思って後回しにしてた、あの頃の自分に言いたい。

実はつみたて設定って最初の10分で終わるんだよね😅

むずかしいのは最初の一歩だけで、あとは放置でOKなのに、なんでもっと早く始めなかったんだろうってほんとに思う。",skipped,,,
44,2026-05-04,18:00,型A,"新NISA口座開設の手順まとめ📝保存推奨

①証券会社を選ぶ（SBI・楽天が定番）
②マイナンバーカードを用意
③スマホで本人確認→10分で申請完了
④審査通過後にログイン
⑤「つみたて投資枠」をONにする
⑥月額・商品を設定して終わり

難しいのは①と⑥だけ。あとは流れ作業だよ。","新NISA口座開設の手順まとめ📝保存推奨

①証券会社を選ぶ（SBI・楽天が定番）
②マイナンバーカードを用意
③スマホで本人確認→10分で申請完了
④審査通過後にログイン
⑤「つみたて投資枠」をONにする
⑥月額・商品を設定して終わり

難しいのは①と⑥だけ。あとは流れ作業だよ。",skipped,,,
45,2026-05-04,20:00,型D,"28歳のとき、借金150万残ってる状態で新NISAの前身・旧NISAを始めた。

「借金あるのに投資？」って思ってたけど、先輩に「少額でも習慣が大事」って言われて月3,000円だけスタート。

あのとき動いてなかったら今の資産500万はなかった。

小さくていいから、まず動いてみてほしい🌱

→フォローすると副業・投資の話を毎日届けます","28歳のとき、借金150万残ってる状態で新NISAの前身・旧NISAを始めた。

「借金あるのに投資？」って思ってたけど、先輩に「少額でも習慣が大事」って言われて月3,000円だけスタート。

あのとき動いてなかったら今の資産500万はなかった。

小さくていいから、まず動いてみてほしい🌱

→フォローすると副業・投資の話を毎日届けます",skipped,,,
46,2026-05-04,22:00,型E,"新NISAの口座、どこで開いてますか？🤔

A：SBI証券
B：楽天証券
C：その他
D：まだ開いてない

ぼくはSBIメインで使ってて、楽天ポイント使いたいときだけ楽天って感じです。

使い分けしてる人の話も聞いてみたい！コメントで教えてください👇","新NISAの口座、どこで開いてますか？🤔

A：SBI証券
B：楽天証券
C：その他
D：まだ開いてない

ぼくはSBIメインで使ってて、楽天ポイント使いたいときだけ楽天って感じです。

使い分けしてる人の話も聞いてみたい！コメントで教えてください👇",skipped,,,
47,2026-05-05,09:00,型C,"🔥楽天証券、今月の新規口座開設＋カード積立設定で楽天ポイント最大3,000ptプレゼント中！

楽天カードで積立すると1%ポイント還元もあるから、使ってる人にはかなりお得。

新NISAをこれから始める人はいまが始め時かも。

詳細はリンクから確認してみてください👀

※アフィリエイト広告を含みます","🔥楽天証券、今月の新規口座開設＋カード積立設定で楽天ポイント最大3,000ptプレゼント中！

楽天カードで積立すると1%ポイント還元もあるから、使ってる人にはかなりお得。

新NISAをこれから始める人はいまが始め時かも。

詳細はリンクから確認してみてください👀

※アフィリエイト広告を含みます",skipped,,,
48,2026-05-05,12:00,型B,"「投資って元本割れするんでしょ？こわい」

正直、ぼくも最初はそう思ってた😅

でも預金ゼロでも物価は上がるし、放置してても実質目減りしてるんだよね。

こわいのはわかる。でも「何もしないリスク」ってのも確実に存在してる。

その気持ち、過去の自分にそっくりです。","「投資って元本割れするんでしょ？こわい」

正直、ぼくも最初はそう思ってた😅

でも預金ゼロでも物価は上がるし、放置してても実質目減りしてるんだよね。

こわいのはわかる。でも「何もしないリスク」ってのも確実に存在してる。

その気持ち、過去の自分にそっくりです。",skipped,,,
49,2026-05-05,18:00,型A,"新NISAの商品選び、初心者におすすめの基準📝保存推奨

①インデックスファンドを選ぶ
②信託報酬0.2%以下を目安に
③全世界株か米国株（S&P500）が定番
④「eMAXIS Slim」シリーズは低コストで人気
⑤毎月同額を自動積立に設定

難しく考えなくていい。シンプルに積み立てるのが最強だと思ってる。","新NISAの商品選び、初心者におすすめの基準📝保存推奨

①インデックスファンドを選ぶ
②信託報酬0.2%以下を目安に
③全世界株か米国株（S&P500）が定番
④「eMAXIS Slim」シリーズは低コストで人気
⑤毎月同額を自動積立に設定

難しく考えなくていい。シンプルに積み立てるのが最強だと思ってる。",skipped,,,
50,2026-05-05,20:00,型D,"初めて新NISAの設定を終えた夜、画面に「月5,000円・積立設定完了」って出たとき、なんか泣きそうになった。

たった5,000円。でもそれまでの自分は「投資は金持ちがするもの」って思い込んでたから。

小さな一歩が、人生変えることある。

あなたの一歩を応援したくて毎日投稿してます🌱

→フォローお待ちしてます","初めて新NISAの設定を終えた夜、画面に「月5,000円・積立設定完了」って出たとき、なんか泣きそうになった。

たった5,000円。でもそれまでの自分は「投資は金持ちがするもの」って思い込んでたから。

小さな一歩が、人生変えることある。

あなたの一歩を応援したくて毎日投稿してます🌱

→フォローお待ちしてます",skipped,,,
51,2026-05-05,22:00,型E,"新NISAで積立してる商品、何ですか？🤔

A：eMAXIS Slim 全世界株式（オルカン）
B：eMAXIS Slim 米国株式（S&P500）
C：その他インデックス
D：アクティブファンド
E：まだ決めてない

ぼくはオルカン6割・S&P4割で積立中です。

みんなの配分、気になる！コメント歓迎👇","新NISAで積立してる商品、何ですか？🤔

A：eMAXIS Slim 全世界株式（オルカン）
B：eMAXIS Slim 米国株式（S&P500）
C：その他インデックス
D：アクティブファンド
E：まだ決めてない

ぼくはオルカン6割・S&P4割で積立中です。

みんなの配分、気になる！コメント歓迎👇",skipped,,,
52,2026-05-06,09:00,型C,"🔥マネックス証券、新NISA口座開設＋条件達成で最大2,000円相当のポイント還元キャンペーン実施中！

dカード積立でポイントが貯まるので、ドコモユーザーには特にお得。

SBI・楽天以外の選択肢も意外と使いやすいですよ。

詳細はリンクから確認を👀

※アフィリエイト広告を含みます","🔥マネックス証券、新NISA口座開設＋条件達成で最大2,000円相当のポイント還元キャンペーン実施中！

dカード積立でポイントが貯まるので、ドコモユーザーには特にお得。

SBI・楽天以外の選択肢も意外と使いやすいですよ。

詳細はリンクから確認を👀

※アフィリエイト広告を含みます",skipped,,,
53,2026-05-06,12:00,型B,"「年間360万円も投資できないし、新NISAって自分には関係ない」

それ、昔のぼくそのままです😅

月1,000円からでも使えるのが新NISAのいいところ。

上限いっぱい使うのが偉いわけじゃなくて、自分のペースで続けることの方が大事だとぼくは思う。","「年間360万円も投資できないし、新NISAって自分には関係ない」

それ、昔のぼくそのままです😅

月1,000円からでも使えるのが新NISAのいいところ。

上限いっぱい使うのが偉いわけじゃなくて、自分のペースで続けることの方が大事だとぼくは思う。",skipped,,,
54,2026-05-06,18:00,型A,"新NISAの「つみたて枠」と「成長投資枠」の違い📝保存推奨

【つみたて枠】
・年間120万円まで
・長期積立向けファンドのみ
・初心者はここだけでOK

【成長投資枠】
・年間240万円まで
・株・ETFも買える
・ある程度慣れてから使う

最初はつみたて枠だけ使えば十分。難しく考えなくていいよ。","新NISAの「つみたて枠」と「成長投資枠」の違い📝保存推奨

【つみたて枠】
・年間120万円まで
・長期積立向けファンドのみ
・初心者はここだけでOK

【成長投資枠】
・年間240万円まで
・株・ETFも買える
・ある程度慣れてから使う

最初はつみたて枠だけ使えば十分。難しく考えなくていいよ。",skipped,,,
55,2026-05-06,20:00,型D,"副業を始めた28歳のとき、同時に新NISAも始めた。

副業初月の収入3,000円、そのまま全額NISAに突っ込んだ。

「副業で稼いだお金を投資に回す」っていうサイクルができたとき、なんか人生変わった気がした。

今は副業月20万→毎月一部をNISAへ。

小さなサイクルが積み重なると、でかくなる🌱","副業を始めた28歳のとき、同時に新NISAも始めた。

副業初月の収入3,000円、そのまま全額NISAに突っ込んだ。

「副業で稼いだお金を投資に回す」っていうサイクルができたとき、なんか人生変わった気がした。

今は副業月20万→毎月一部をNISAへ。

小さなサイクルが積み重なると、でかくなる🌱",skipped,,,
56,2026-05-06,22:00,型E,"新NISAを始めるのに一番の壁って何だと思いますか？🤔

A：そもそも何から始めていいかわからない
B：お金がなくて積立に回せない
C：なんとなく怖い・信用できない
D：口座開設がめんどくさい
E：すでに始めてるので壁はない

自分が一番詰まってたのはAでした😅

コメントで教えてください👇","新NISAを始めるのに一番の壁って何だと思いますか？🤔

A：そもそも何から始めていいかわからない
B：お金がなくて積立に回せない
C：なんとなく怖い・信用できない
D：口座開設がめんどくさい
E：すでに始めてるので壁はない

自分が一番詰まってたのはAでした😅

コメントで教えてください👇",skipped,,,
57,2026-05-07,09:00,型C,"🔥SBI証券×三井住友カード、新NISA積立でVポイント最大5%還元！

月10万積立なら年間6万ポイント相当になる計算。

積立しながらポイントも貯まるのは純粋にお得すぎる。

カード積立を設定してない人は今すぐ確認を。

詳細はリンクから👀

※アフィリエイト広告を含みます","🔥SBI証券×三井住友カード、新NISA積立でVポイント最大5%還元！

月10万積立なら年間6万ポイント相当になる計算。

積立しながらポイントも貯まるのは純粋にお得すぎる。

カード積立を設定してない人は今すぐ確認を。

詳細はリンクから👀

※アフィリエイト広告を含みます",skipped,,,
58,2026-05-07,12:00,型B,"新NISAの設定したあと「これで合ってるのかな…」ってずっと不安だった。

毎日アプリ開いてマイナスになってるとドキドキするやつ、ありますよね😅

実はぼくも最初の半年はそれやってた。

でも長期積立って「見ない勇気」がわりと大事ってあとから気づいた話。","新NISAの設定したあと「これで合ってるのかな…」ってずっと不安だった。

毎日アプリ開いてマイナスになってるとドキドキするやつ、ありますよね😅

実はぼくも最初の半年はそれやってた。

でも長期積立って「見ない勇気」がわりと大事ってあとから気づいた話。",skipped,,,
59,2026-05-07,18:00,型A,"新NISA、口座開設後にやるべき初期設定5つ📝保存推奨

①つみたて投資枠をONにする
②積立金額を設定（月1,000円からOK）
③商品を選ぶ（迷ったらオルカンかS&P500）
④引落し方法を選択（クレカ積立がお得）
⑤ボーナス月の増額設定を確認

この5つだけで最初は十分。あとは放置でOKです。","新NISA、口座開設後にやるべき初期設定5つ📝保存推奨

①つみたて投資枠をONにする
②積立金額を設定（月1,000円からOK）
③商品を選ぶ（迷ったらオルカンかS&P500）
④引落し方法を選択（クレカ積立がお得）
⑤ボーナス月の増額設定を確認

この5つだけで最初は十分。あとは放置でOKです。",skipped,,,
60,2026-05-07,20:00,型D,"30歳で借金を完済したとき、まず思ったことは「やっと投資額を増やせる」だった。

25歳〜30歳の5年間、ずっと焦りながら生きてた。

でもその焦りの時期に副業と投資の習慣を作れたのは、今思えば最高の経験だった。

しんどい時期こそ、仕組みを作るチャンスなんだと思う🌱

→フォローで続きを読んでください","30歳で借金を完済したとき、まず思ったことは「やっと投資額を増やせる」だった。

25歳〜30歳の5年間、ずっと焦りながら生きてた。

でもその焦りの時期に副業と投資の習慣を作れたのは、今思えば最高の経験だった。

しんどい時期こそ、仕組みを作るチャンスなんだと思う🌱

→フォローで続きを読んでください",skipped,,,
61,2026-05-07,22:00,型E,"新NISAの積立額、毎月いくらに設定してますか？🤔

A：1,000円〜5,000円
B：5,001円〜1万円
C：1万円〜3万円
D：3万円〜10万円
E：10万円以上

ぼくは今月3万円設定です。副業収入が増えたら少しずつ上げてきた感じ。

みんなの金額、参考にさせてください👇","新NISAの積立額、毎月いくらに設定してますか？🤔

A：1,000円〜5,000円
B：5,001円〜1万円
C：1万円〜3万円
D：3万円〜10万円
E：10万円以上

ぼくは今月3万円設定です。副業収入が増えたら少しずつ上げてきた感じ。

みんなの金額、参考にさせてください👇",skipped,,,
62,2026-05-08,09:00,型C,"🔥auカブコム証券、新NISA口座開設で最大1,500Pontaポイントプレゼント！

au PAYカードで積立すると1%ポイント還元もあり。

Pontaポイントユーザーやauスマホ使ってる人にはかなり相性いい証券会社です。

詳細はリンクから確認してみてください👀

※アフィリエイト広告を含みます","🔥auカブコム証券、新NISA口座開設で最大1,500Pontaポイントプレゼント！

au PAYカードで積立すると1%ポイント還元もあり。

Pontaポイントユーザーやauスマホ使ってる人にはかなり相性いい証券会社です。

詳細はリンクから確認してみてください👀

※アフィリエイト広告を含みます",skipped,,,
63,2026-05-08,12:00,型B,"「オルカンとS&P500どっちがいいの？」って調べ始めたら3時間溶けた、あの日。

わかる人いますか😅

どっちも優秀で、正直どっちでもよくて、「選べない」より「まず始める」方が100倍大事だってわかったのは始めてから半年後の話。","「オルカンとS&P500どっちがいいの？」って調べ始めたら3時間溶けた、あの日。

わかる人いますか😅

どっちも優秀で、正直どっちでもよくて、「選べない」より「まず始める」方が100倍大事だってわかったのは始めてから半年後の話。",skipped,,,
64,2026-05-08,18:00,型A,"新NISAで損しやすい行動パターン📝保存推奨

①下がったときに解約する
②毎日アプリで損益を確認する
③流行りのテーマファンドだけ買う
④短期で利益を出そうとする
⑤SNSで見た「おすすめ銘柄」に飛びつく

ぼく自身が過去にやって後悔したことばかりです。

長期・積立・分散。この3つがやっぱり基本。","新NISAで損しやすい行動パターン📝保存推奨

①下がったときに解約する
②毎日アプリで損益を確認する
③流行りのテーマファンドだけ買う
④短期で利益を出そうとする
⑤SNSで見た「おすすめ銘柄」に飛びつく

ぼく自身が過去にやって後悔したことばかりです。

長期・積立・分散。この3つがやっぱり基本。",skipped,,,
65,2026-05-08,20:00,型D,"副業初月の収入3,000円を見たとき、正直「こんなんで何が変わるんだ」と思った。

でもその3,000円をNISAに入れた。

翌月も、翌々月も続けた。

2年後には副業月5万→NISAへ3万回せるようになってた。

最初の3,000円が習慣の入口だったと、今なら言える🌱

→フォローすると毎日届きます","副業初月の収入3,000円を見たとき、正直「こんなんで何が変わるんだ」と思った。

でもその3,000円をNISAに入れた。

翌月も、翌々月も続けた。

2年後には副業月5万→NISAへ3万回せるようになってた。

最初の3,000円が習慣の入口だったと、今なら言える🌱

→フォローすると毎日届きます",skipped,,,
66,2026-05-08,22:00,型E,"新NISAの運用、今どんな状態ですか？🤔

A：まだ始めてない
B：口座だけ作って放置してる
C：積立設定して運用中
D：含み益が出てきた
E：一度解約してしまった

どの状態の人の話も聞いてみたい！

「口座作ったけど放置してる」が実は一番もったいないパターンだと思ってます。コメントどうぞ👇","新NISAの運用、今どんな状態ですか？🤔

A：まだ始めてない
B：口座だけ作って放置してる
C：積立設定して運用中
D：含み益が出てきた
E：一度解約してしまった

どの状態の人の話も聞いてみたい！

「口座作ったけど放置してる」が実は一番もったいないパターンだと思ってます。コメントどうぞ👇",skipped,,,
67,2026-05-09,09:00,型C,"🔥松井証券、新NISA口座開設＋積立設定で現金1,000円プレゼントキャンペーン中！

シンプルな画面設計で初心者に使いやすいと評判。

「大手証券会社は使いにくそう」って思ってた人にも向いてる。

詳細はリンクから確認を👀

※アフィリエイト広告を含みます","🔥松井証券、新NISA口座開設＋積立設定で現金1,000円プレゼントキャンペーン中！

シンプルな画面設計で初心者に使いやすいと評判。

「大手証券会社は使いにくそう」って思ってた人にも向いてる。

詳細はリンクから確認を👀

※アフィリエイト広告を含みます",skipped,,,
68,2026-05-09,12:00,型B,"「NISAの非課税ってどういう意味か結局よくわからない」

はい、ぼくも最初そうでした😅

簡単に言うと「利益に税金がかからない」ってこと。

通常は利益の約20%取られるんだけど、NISAだと0%。

10万円の利益が出たとき、2万円ちがう。これが積み重なるとでかいんだよね。","「NISAの非課税ってどういう意味か結局よくわからない」

はい、ぼくも最初そうでした😅

簡単に言うと「利益に税金がかからない」ってこと。

通常は利益の約20%取られるんだけど、NISAだと0%。

10万円の利益が出たとき、2万円ちがう。これが積み重なるとでかいんだよね。",skipped,,,
69,2026-05-09,18:00,型A,"新NISAとiDeCoの違い、ざっくりまとめ📝保存推奨

【NISA】
・いつでも引き出せる
・非課税で運用できる
・投資初心者におすすめ

【iDeCo】
・60歳まで引き出せない
・掛金が所得控除になる
・節税効果が高い

まずNISAを始めて、余裕が出たらiDeCoも検討するのがぼくのおすすめの順番です。","新NISAとiDeCoの違い、ざっくりまとめ📝保存推奨

【NISA】
・いつでも引き出せる
・非課税で運用できる
・投資初心者におすすめ

【iDeCo】
・60歳まで引き出せない
・掛金が所得控除になる
・節税効果が高い

まずNISAを始めて、余裕が出たらiDeCoも検討するのがぼくのおすすめの順番です。",skipped,,,
70,2026-05-09,20:00,型D,"32歳の今、資産500万・副業月20万になった。

25歳のときは借金200万あって、毎月返済に追われてた。

変わったのはNISAで「お金が増える仕組み」を作ったこと、副業で「収入の柱」を増やしたこと。

特別な才能は何もない。ただ続けただけ。

35歳FIREを目指す話、フォローしてくれると毎日届けます🌱","32歳の今、資産500万・副業月20万になった。

25歳のときは借金200万あって、毎月返済に追われてた。

変わったのはNISAで「お金が増える仕組み」を作ったこと、副業で「収入の柱」を増やしたこと。

特別な才能は何もない。ただ続けただけ。

35歳FIREを目指す話、フォローしてくれると毎日届けます🌱",skipped,,,
71,2026-05-09,22:00,型E,"新NISA、誰かに教えてもらって始めましたか？🤔

A：SNSで知って自分で調べた
B：友人・家族に勧められた
C：会社の先輩に教えてもらった
D：ファイナンシャルプランナーに相談した
E：まだ始めてない

ぼくは職場の先輩がきっかけでした。

情報源によって始め方ってけっこう変わりますよね。コメントで教えて👇","新NISA、誰かに教えてもらって始めましたか？🤔

A：SNSで知って自分で調べた
B：友人・家族に勧められた
C：会社の先輩に教えてもらった
D：ファイナンシャルプランナーに相談した
E：まだ始めてない

ぼくは職場の先輩がきっかけでした。

情報源によって始め方ってけっこう変わりますよね。コメントで教えて👇",skipped,,,
72,2026-05-10,09:00,型C,"🔥SBI証券＋住信SBIネット銀行の連携で新NISA積立がさらに便利に！

自動入金機能でめんどうな振込作業ゼロ。

積立の継続率を上げる一番の方法は「自動化」だとぼくは思ってます。

口座連携してない人はこの機会に設定してみて。

詳細はリンクから👀

※アフィリエイト広告を含みます","🔥SBI証券＋住信SBIネット銀行の連携で新NISA積立がさらに便利に！

自動入金機能でめんどうな振込作業ゼロ。

積立の継続率を上げる一番の方法は「自動化」だとぼくは思ってます。

口座連携してない人はこの機会に設定してみて。

詳細はリンクから👀

※アフィリエイト広告を含みます",skipped,,,
73,2026-05-10,12:00,型B,"「新NISAって結局、お金持ちじゃないと意味ないんじゃないの」

正直、ぼくも思ってた時期がありました😅

でも月3,000円でも20年続けたら、複利の力でそれなりの額になる。

「少ないから意味ない」じゃなくて「少なくても続けることに意味がある」って今は本気で思ってます。","「新NISAって結局、お金持ちじゃないと意味ないんじゃないの」

正直、ぼくも思ってた時期がありました😅

でも月3,000円でも20年続けたら、複利の力でそれなりの額になる。

「少ないから意味ない」じゃなくて「少なくても続けることに意味がある」って今は本気で思ってます。",skipped,,,
74,2026-05-10,18:00,型A,"今週の新NISA入門まとめ📝保存推奨

①口座開設はSBI・楽天が定番
②商品はオルカンかS&P500で十分
③月1,000円からOK、続けることが大事
④クレカ積立でポイントも貯める
⑤設定したら基本は放置
⑥下がっても解約しない

むずかしく考えなくていい。

シンプルに積み立てるのが、一番強い方法だと思ってます。","今週の新NISA入門まとめ📝保存推奨

①口座開設はSBI・楽天が定番
②商品はオルカンかS&P500で十分
③月1,000円からOK、続けることが大事
④クレカ積立でポイントも貯める
⑤設定したら基本は放置
⑥下がっても解約しない

むずかしく考えなくていい。

シンプルに積み立てるのが、一番強い方法だと思ってます。",skipped,,,
75,2026-05-10,20:00,型D,"今週、新NISAについてたくさん発信してきた。

理由はひとつ。25歳の自分みたいに「投資は自分には関係ない」って思ってる人に届いてほしいから。

借金200万あった自分でも変われた。

来週は副業の話を発信していきます。

フォローしてくれると毎朝・毎晩届けます🌱

ぜひつながりましょう。","今週、新NISAについてたくさん発信してきた。

理由はひとつ。25歳の自分みたいに「投資は自分には関係ない」って思ってる人に届いてほしいから。

借金200万あった自分でも変われた。

来週は副業の話を発信していきます。

フォローしてくれると毎朝・毎晩届けます🌱

ぜひつながりましょう。",skipped,,,
76,2026-05-10,22:00,型E,"今週の新NISA入門、一番参考になった投稿はどれでしたか？🤔

A：口座開設の手順
B：商品選びの基準
C：つみたて枠・成長投資枠の違い
D：NISAとiDeCoの比較
E：損しやすい行動パターン

来週のテーマも読んでほしいのでフォローしてくれると嬉しいです。

コメントで感想も聞かせてください👇","今週の新NISA入門、一番参考になった投稿はどれでしたか？🤔

A：口座開設の手順
B：商品選びの基準
C：つみたて枠・成長投資枠の違い
D：NISAとiDeCoの比較
E：損しやすい行動パターン

来週のテーマも読んでほしいのでフォローしてくれると嬉しいです。

コメントで感想も聞かせてください👇",skipped,,,
77,2026-05-04,12:00,DMM_FX,"FXを始めた時、正直こわかった。

でも怖いまま放置するのも損してる感があって、
まず1万円だけ入金してDMM FXで試してみた。

スマホアプリを開いたら「意外と簡単」で拍子抜けした。
相場が動くのをただ眺めてた最初の一週間が、
一番勉強になった気がする。

始めたい人は、まず1円も失わないデモ口座から。
口座開設は無料で5分かからない↓
▶ ren-money.com/blog/dmm-fx-review/

#FX #DMM_FX #初心者","FXを始めた時、正直こわかった。

でも怖いまま放置するのも損してる感があって、
まず1万円だけ入金してDMM FXで試してみた。

スマホアプリを開いたら「意外と簡単」で拍子抜けした。
相場が動くのをただ眺めてた最初の一週間が、
一番勉強になった気がする。

始めたい人は、まず1円も失わないデモ口座から。
口座開設は無料で5分かからない↓
▶ ren-money.com/blog/dmm-fx-review/

#FX #DMM_FX #初心者",skipped,,,
78,2026-05-04,19:00,バズ汎用,"お金の不安を消す「最低限やること」リスト

①緊急予備費を3〜6ヶ月分確保
②新NISAで毎月1万円以上積立開始
③ふるさと納税で税金を実質節税
④確定申告で取れる控除を全部取る
⑤クレカはポイント還元率の高いものに統一

これだけで年間数十万円差が出る。
難しくない。やるかやらないかだけ。

#お金の勉強 #節約 #新NISA #副業","お金の不安を消す「最低限やること」リスト

①緊急予備費を3〜6ヶ月分確保
②新NISAで毎月1万円以上積立開始
③ふるさと納税で税金を実質節税
④確定申告で取れる控除を全部取る
⑤クレカはポイント還元率の高いものに統一

これだけで年間数十万円差が出る。
難しくない。やるかやらないかだけ。

#お金の勉強 #節約 #新NISA #副業",error,,,"403 Forbidden
You are not permitted to perform this action."
79,2026-05-04,21:00,エポスカード,"年会費無料のクレカで、これができるのエポスカードくらい。

✅ 海外旅行傷害保険（最高500万円）が無料でつく
✅ 年会費：永久無料
✅ 使い続けるとゴールドカードに無料昇格

海外行く人は旅行保険を別途買わなくていい分、
エポスカードを持ってるだけで節約になる。

詳しいメリット・デメリットはこちら↓
▶ ren-money.com/blog/epos-card-review/

#エポスカード #クレカ #海外旅行 #節約","年会費無料のクレカで、これができるのエポスカードくらい。

✅ 海外旅行傷害保険（最高500万円）が無料でつく
✅ 年会費：永久無料
✅ 使い続けるとゴールドカードに無料昇格

海外行く人は旅行保険を別途買わなくていい分、
エポスカードを持ってるだけで節約になる。

詳しいメリット・デメリットはこちら↓
▶ ren-money.com/blog/epos-card-review/

#エポスカード #クレカ #海外旅行 #節約",skipped,,,
80,2026-05-05,07:30,DMM_FX,"【FX口座を選ぶ3つの基準】

✅ スプレッド（取引コスト）
✅ 約定力（注文が通りやすいか）
✅ ツールの使いやすさ

初心者なら全部を満たすDMM FXから始めるのが無難。

・スプレッド0.2銭（業界最狭水準）
・口座数400万超（業界最大）
・24時間サポートあり
・口座開設無料・最短1日

詳しくはブログに書いた↓
▶ ren-money.com/blog/dmm-fx-review/

#FX #FX初心者 #資産形成","【FX口座を選ぶ3つの基準】

✅ スプレッド（取引コスト）
✅ 約定力（注文が通りやすいか）
✅ ツールの使いやすさ

初心者なら全部を満たすDMM FXから始めるのが無難。

・スプレッド0.2銭（業界最狭水準）
・口座数400万超（業界最大）
・24時間サポートあり
・口座開設無料・最短1日

詳しくはブログに書いた↓
▶ ren-money.com/blog/dmm-fx-review/

#FX #FX初心者 #資産形成",skipped,,,
81,2026-05-05,12:00,バズ汎用,"「副業で稼いだら税金で持っていかれる」
←これ半分間違い

副業収入にかかる税金を減らせる合法的な方法がある

・経費として落とせるものを知る
・青色申告特別控除65万円を使う
・iDeCoで所得控除を増やす

知識があるかないかで、手取りが10〜20万変わる。

詳しくはブログに書いてある↓
▶ ren-money.com/blog/fukugyo-zeikin/

#副業 #節税 #確定申告 #お金の勉強","「副業で稼いだら税金で持っていかれる」
←これ半分間違い

副業収入にかかる税金を減らせる合法的な方法がある

・経費として落とせるものを知る
・青色申告特別控除65万円を使う
・iDeCoで所得控除を増やす

知識があるかないかで、手取りが10〜20万変わる。

詳しくはブログに書いてある↓
▶ ren-money.com/blog/fukugyo-zeikin/

#副業 #節税 #確定申告 #お金の勉強",error,,,"403 Forbidden
You are not permitted to perform this action."
82,2026-05-05,19:00,JFX,"FX口座を複数使って気づいたこと。

DMM FXは「使いやすさ」
JFXは「約定力と満足度」
FXTFは「商品の多様性」

全部無料で作れるので、
用途に応じて使い分けるのが正解。

JFXは2025年オリコン顧客満足度FX総合No.1。
ずっと使い続けている人が多い口座の理由↓
▶ ren-money.com/blog/jfx-review/

#FX #JFX #資産形成","FX口座を複数使って気づいたこと。

DMM FXは「使いやすさ」
JFXは「約定力と満足度」
FXTFは「商品の多様性」

全部無料で作れるので、
用途に応じて使い分けるのが正解。

JFXは2025年オリコン顧客満足度FX総合No.1。
ずっと使い続けている人が多い口座の理由↓
▶ ren-money.com/blog/jfx-review/

#FX #JFX #資産形成",error,,,"403 Forbidden
You are not permitted to perform this action."
83,2026-05-05,21:00,DMM_FX,"DMM FXの口座開設、今がお得な理由

✅ 口座開設・維持費：ずっと無料
✅ 最短1日で取引開始
✅ デモ口座でリスクゼロで練習できる
✅ 24時間サポートで初心者でも安心

「FXやってみたい」と思ったタイミングが
一番行動しやすい。後回しにするほど機会損失になる。

開設だけして、まずデモ取引してみるのがベスト↓
▶ ren-money.com/blog/dmm-fx-review/

#DMM_FX #FX口座開設 #副業","DMM FXの口座開設、今がお得な理由

✅ 口座開設・維持費：ずっと無料
✅ 最短1日で取引開始
✅ デモ口座でリスクゼロで練習できる
✅ 24時間サポートで初心者でも安心

「FXやってみたい」と思ったタイミングが
一番行動しやすい。後回しにするほど機会損失になる。

開設だけして、まずデモ取引してみるのがベスト↓
▶ ren-money.com/blog/dmm-fx-review/

#DMM_FX #FX口座開設 #副業",skipped,,,
84,2026-05-06,07:30,バズ汎用,"32歳で借金200万から資産500万になるまでにやったこと

①副業で月5万稼ぐ仕組みを作った
②毎月の固定費を3万円削った
③新NISAで積立を自動化した
④FXで余剰資金を少し運用した
⑤節税で年間15万取り戻した

全部を一気にやったわけじゃない。
1個ずつ、できることからやった。

その過程を全部ブログに書いてる↓
▶ ren-money.com

#副業 #節約 #新NISA #FX #資産形成","32歳で借金200万から資産500万になるまでにやったこと

①副業で月5万稼ぐ仕組みを作った
②毎月の固定費を3万円削った
③新NISAで積立を自動化した
④FXで余剰資金を少し運用した
⑤節税で年間15万取り戻した

全部を一気にやったわけじゃない。
1個ずつ、できることからやった。

その過程を全部ブログに書いてる↓
▶ ren-money.com

#副業 #節約 #新NISA #FX #資産形成",skipped,,,
85,2026-05-06,12:00,FXTF,"FXだけじゃ物足りなくなった人へ。

FXTF なら一口座で
・FX（通貨ペア）
・CFD（日経225・NYダウ・金・原油）
・ノックアウトオプション

が全部取引できる。

複数口座を管理する手間がなくなる。
もちろん口座開設無料↓
▶ ren-money.com/blog/fxtf-review/

#FXTF #CFD #FX #資産運用","FXだけじゃ物足りなくなった人へ。

FXTF なら一口座で
・FX（通貨ペア）
・CFD（日経225・NYダウ・金・原油）
・ノックアウトオプション

が全部取引できる。

複数口座を管理する手間がなくなる。
もちろん口座開設無料↓
▶ ren-money.com/blog/fxtf-review/

#FXTF #CFD #FX #資産運用",posted,2026-05-06 12:00:44,2051859680641839526,
86,2026-05-06,19:00,DMM_FX,"「FXは怖い」は半分正しくて、半分間違い。

正しい部分：レバレッジで損失が元本を超えることがある
間違ってる部分：少額・低レバレッジなら普通の投資と大差ない

10万円入れてレバレッジ2倍なら、
相場が1%動いても損失は2,000円。

怖いのはルールを知らずに大きなロットで突っ込む人。
正しく理解すれば選択肢の一つになる。

最初に読んでほしい記事↓
▶ ren-money.com/blog/dmm-fx-review/

#FX #資産運用 #お金の勉強","「FXは怖い」は半分正しくて、半分間違い。

正しい部分：レバレッジで損失が元本を超えることがある
間違ってる部分：少額・低レバレッジなら普通の投資と大差ない

10万円入れてレバレッジ2倍なら、
相場が1%動いても損失は2,000円。

怖いのはルールを知らずに大きなロットで突っ込む人。
正しく理解すれば選択肢の一つになる。

最初に読んでほしい記事↓
▶ ren-money.com/blog/dmm-fx-review/

#FX #資産運用 #お金の勉強",error,,,"403 Forbidden
You are not permitted to perform this action."
87,2026-05-06,21:00,エポスカード,"クレカ最適化の話。

エポスカード（年会費無料）
  ↓ 使い続ける
エポスゴールドカードに招待
  ↓ 切り替え
年会費永久無料のゴールドカードが手に入る

ゴールドになると
・選べる3店舗でポイント最大1.5%還元
・空港ラウンジ無料
・保険がさらに充実

無料カードからゴールドを育てる最強ルート↓
▶ ren-money.com/blog/epos-card-review/

#エポスカード #クレカ #節約 #ポイント活用","クレカ最適化の話。

エポスカード（年会費無料）
  ↓ 使い続ける
エポスゴールドカードに招待
  ↓ 切り替え
年会費永久無料のゴールドカードが手に入る

ゴールドになると
・選べる3店舗でポイント最大1.5%還元
・空港ラウンジ無料
・保険がさらに充実

無料カードからゴールドを育てる最強ルート↓
▶ ren-money.com/blog/epos-card-review/

#エポスカード #クレカ #節約 #ポイント活用",error,,,"403 Forbidden
You are not permitted to perform this action."
88,2026-05-07,07:30,JFX,"「どのFX口座が一番満足度高い？」

2025年オリコン調査の答え：JFX（MATRIX TRADER）

・約定力が高い（急変時も注文が通りやすい）
・ツールのカスタマイズ性が高い
・MT4対応

知名度はDMM FXより低いけど、
ガチのトレーダーほどJFXを選ぶ理由がある↓
▶ ren-money.com/blog/jfx-review/

#FX #JFX #トレード","「どのFX口座が一番満足度高い？」

2025年オリコン調査の答え：JFX（MATRIX TRADER）

・約定力が高い（急変時も注文が通りやすい）
・ツールのカスタマイズ性が高い
・MT4対応

知名度はDMM FXより低いけど、
ガチのトレーダーほどJFXを選ぶ理由がある↓
▶ ren-money.com/blog/jfx-review/

#FX #JFX #トレード",skipped,,,
89,2026-05-07,12:00,DMM_FX,"FXを1年やって気づいた「やらなきゃよかった」3つのこと

①最初からレバレッジを高くしすぎた
→1回目でレバレッジ20倍。5万円入れて1日で2万円飛んだ

②損切りルールを決めていなかった
→「もう少したら戻るかも」で傷が深くなった

③口座を選ばずに始めた
→後からDMM FXに乗り換えた。ツールの使いやすさが全然違った

これから始める人は最初から選んで↓
▶ ren-money.com/blog/dmm-fx-review/

#FX #失敗談 #お金の勉強","FXを1年やって気づいた「やらなきゃよかった」3つのこと

①最初からレバレッジを高くしすぎた
→1回目でレバレッジ20倍。5万円入れて1日で2万円飛んだ

②損切りルールを決めていなかった
→「もう少したら戻るかも」で傷が深くなった

③口座を選ばずに始めた
→後からDMM FXに乗り換えた。ツールの使いやすさが全然違った

これから始める人は最初から選んで↓
▶ ren-money.com/blog/dmm-fx-review/

#FX #失敗談 #お金の勉強",error,,,"403 Forbidden
You are not permitted to perform this action."
90,2026-05-07,19:00,FXTF,"「ノックアウトオプション」知ってる？

普通のFXと何が違うか：

普通のFX：損失が青天井になる可能性がある
KO：事前設定した価格で自動決済→損失が限定される

「レバレッジは使いたいけど追証は嫌」という人に向いてる。
FXTFで取引できる↓
▶ ren-money.com/blog/fxtf-review/

#FX #ノックアウトオプション #FXTF #リスク管理","「ノックアウトオプション」知ってる？

普通のFXと何が違うか：

普通のFX：損失が青天井になる可能性がある
KO：事前設定した価格で自動決済→損失が限定される

「レバレッジは使いたいけど追証は嫌」という人に向いてる。
FXTFで取引できる↓
▶ ren-money.com/blog/fxtf-review/

#FX #ノックアウトオプション #FXTF #リスク管理",error,,,"403 Forbidden
You are not permitted to perform this action."
91,2026-05-07,21:00,エポスカード,"「クレカって何枚持てばいいの？」

正直な答え：目的別に2〜3枚

①メインカード（還元率重視）
②エポスカード（海外旅行保険・ゴールド招待目的）
③用途特化カード（楽天市場専用など）

エポスカードはサブとして持つだけで
年会費かからず旅行保険がついてくるのでコスパ最強↓
▶ ren-money.com/blog/epos-card-review/

#クレカ #エポスカード #節約 #お金の管理","「クレカって何枚持てばいいの？」

正直な答え：目的別に2〜3枚

①メインカード（還元率重視）
②エポスカード（海外旅行保険・ゴールド招待目的）
③用途特化カード（楽天市場専用など）

エポスカードはサブとして持つだけで
年会費かからず旅行保険がついてくるのでコスパ最強↓
▶ ren-money.com/blog/epos-card-review/

#クレカ #エポスカード #節約 #お金の管理",skipped,,,
92,2026-05-08,07:30,DMM_FX,"【FX口座を選ぶ3つの基準】

✅ スプレッド（取引コスト）
✅ 約定力（注文が通りやすいか）
✅ ツールの使いやすさ

初心者なら全部を満たすDMM FXから始めるのが無難。

・スプレッド0.2銭（業界最狭水準）
・口座数400万超（業界最大）
・24時間サポートあり
・口座開設無料・最短1日

詳しくはブログに書いた↓
▶ ren-money.com/blog/dmm-fx-review/

#FX #FX初心者 #資産形成","【FX口座を選ぶ3つの基準】

✅ スプレッド（取引コスト）
✅ 約定力（注文が通りやすいか）
✅ ツールの使いやすさ

初心者なら全部を満たすDMM FXから始めるのが無難。

・スプレッド0.2銭（業界最狭水準）
・口座数400万超（業界最大）
・24時間サポートあり
・口座開設無料・最短1日

詳しくはブログに書いた↓
▶ ren-money.com/blog/dmm-fx-review/

#FX #FX初心者 #資産形成",skipped,,,
93,2026-05-08,12:00,JFX,"FXで自動売買したい人へ。

MT4（MetaTrader4）に対応してる国内FX口座は限られる。

JFX MATRIX TRADERはMT4対応。
EAを動かしたい人・インジケーターを自由に使いたい人には
選択肢の筆頭になる。

もちろん口座開設・維持費は無料↓
▶ ren-money.com/blog/jfx-review/

#FX #MT4 #自動売買 #EA","FXで自動売買したい人へ。

MT4（MetaTrader4）に対応してる国内FX口座は限られる。

JFX MATRIX TRADERはMT4対応。
EAを動かしたい人・インジケーターを自由に使いたい人には
選択肢の筆頭になる。

もちろん口座開設・維持費は無料↓
▶ ren-money.com/blog/jfx-review/

#FX #MT4 #自動売買 #EA",skipped,,,
94,2026-05-08,19:00,バズ汎用,"お金の不安を消す「最低限やること」リスト

①緊急予備費を3〜6ヶ月分確保
②新NISAで毎月1万円以上積立開始
③ふるさと納税で税金を実質節税
④確定申告で取れる控除を全部取る
⑤クレカはポイント還元率の高いものに統一

これだけで年間数十万円差が出る。
難しくない。やるかやらないかだけ。

#お金の勉強 #節約 #新NISA #副業","お金の不安を消す「最低限やること」リスト

①緊急予備費を3〜6ヶ月分確保
②新NISAで毎月1万円以上積立開始
③ふるさと納税で税金を実質節税
④確定申告で取れる控除を全部取る
⑤クレカはポイント還元率の高いものに統一

これだけで年間数十万円差が出る。
難しくない。やるかやらないかだけ。

#お金の勉強 #節約 #新NISA #副業",skipped,,,
95,2026-05-09,07:30,DMM_FX,"FXを始めた時、正直こわかった。

でも怖いまま放置するのも損してる感があって、
まず1万円だけ入金してDMM FXで試してみた。

スマホアプリを開いたら「意外と簡単」で拍子抜けした。
相場が動くのをただ眺めてた最初の一週間が、
一番勉強になった気がする。

始めたい人は、まず1円も失わないデモ口座から。
口座開設は無料で5分かからない↓
▶ ren-money.com/blog/dmm-fx-review/

#FX #DMM_FX #初心者","FXを始めた時、正直こわかった。

でも怖いまま放置するのも損してる感があって、
まず1万円だけ入金してDMM FXで試してみた。

スマホアプリを開いたら「意外と簡単」で拍子抜けした。
相場が動くのをただ眺めてた最初の一週間が、
一番勉強になった気がする。

始めたい人は、まず1円も失わないデモ口座から。
口座開設は無料で5分かからない↓
▶ ren-money.com/blog/dmm-fx-review/

#FX #DMM_FX #初心者",skipped,,,
96,2026-05-09,12:00,FXTF,"FXだけじゃ物足りなくなった人へ。

FXTF なら一口座で
・FX（通貨ペア）
・CFD（日経225・NYダウ・金・原油）
・ノックアウトオプション

が全部取引できる。

複数口座を管理する手間がなくなる。
もちろん口座開設無料↓
▶ ren-money.com/blog/fxtf-review/

#FXTF #CFD #FX #資産運用","FXだけじゃ物足りなくなった人へ。

FXTF なら一口座で
・FX（通貨ペア）
・CFD（日経225・NYダウ・金・原油）
・ノックアウトオプション

が全部取引できる。

複数口座を管理する手間がなくなる。
もちろん口座開設無料↓
▶ ren-money.com/blog/fxtf-review/

#FXTF #CFD #FX #資産運用",skipped,,,
97,2026-05-09,19:00,DMM_FX,"「FXは怖い」は半分正しくて、半分間違い。

正しい部分：レバレッジで損失が元本を超えることがある
間違ってる部分：少額・低レバレッジなら普通の投資と大差ない

10万円入れてレバレッジ2倍なら、
相場が1%動いても損失は2,000円。

怖いのはルールを知らずに大きなロットで突っ込む人。
正しく理解すれば選択肢の一つになる。

最初に読んでほしい記事↓
▶ ren-money.com/blog/dmm-fx-review/

#FX #資産運用 #お金の勉強","「FXは怖い」は半分正しくて、半分間違い。

正しい部分：レバレッジで損失が元本を超えることがある
間違ってる部分：少額・低レバレッジなら普通の投資と大差ない

10万円入れてレバレッジ2倍なら、
相場が1%動いても損失は2,000円。

怖いのはルールを知らずに大きなロットで突っ込む人。
正しく理解すれば選択肢の一つになる。

最初に読んでほしい記事↓
▶ ren-money.com/blog/dmm-fx-review/

#FX #資産運用 #お金の勉強",skipped,,,
98,2026-05-09,21:00,JFX,"FX口座を複数使って気づいたこと。

DMM FXは「使いやすさ」
JFXは「約定力と満足度」
FXTFは「商品の多様性」

全部無料で作れるので、
用途に応じて使い分けるのが正解。

JFXは2025年オリコン顧客満足度FX総合No.1。
ずっと使い続けている人が多い口座の理由↓
▶ ren-money.com/blog/jfx-review/

#FX #JFX #資産形成","FX口座を複数使って気づいたこと。

DMM FXは「使いやすさ」
JFXは「約定力と満足度」
FXTFは「商品の多様性」

全部無料で作れるので、
用途に応じて使い分けるのが正解。

JFXは2025年オリコン顧客満足度FX総合No.1。
ずっと使い続けている人が多い口座の理由↓
▶ ren-money.com/blog/jfx-review/

#FX #JFX #資産形成",skipped,,,
99,2026-05-10,07:30,バズ汎用,"32歳で借金200万から資産500万になるまでにやったこと

①副業で月5万稼ぐ仕組みを作った
②毎月の固定費を3万円削った
③新NISAで積立を自動化した
④FXで余剰資金を少し運用した
⑤節税で年間15万取り戻した

全部を一気にやったわけじゃない。
1個ずつ、できることからやった。

その過程を全部ブログに書いてる↓
▶ ren-money.com

#副業 #節約 #新NISA #FX #資産形成","32歳で借金200万から資産500万になるまでにやったこと

①副業で月5万稼ぐ仕組みを作った
②毎月の固定費を3万円削った
③新NISAで積立を自動化した
④FXで余剰資金を少し運用した
⑤節税で年間15万取り戻した

全部を一気にやったわけじゃない。
1個ずつ、できることからやった。

その過程を全部ブログに書いてる↓
▶ ren-money.com

#副業 #節約 #新NISA #FX #資産形成",skipped,,,
100,2026-05-10,12:00,DMM_FX,"DMM FXの口座開設、今がお得な理由

✅ 口座開設・維持費：ずっと無料
✅ 最短1日で取引開始
✅ デモ口座でリスクゼロで練習できる
✅ 24時間サポートで初心者でも安心

「FXやってみたい」と思ったタイミングが
一番行動しやすい。後回しにするほど機会損失になる。

開設だけして、まずデモ取引してみるのがベスト↓
▶ ren-money.com/blog/dmm-fx-review/

#DMM_FX #FX口座開設 #副業","DMM FXの口座開設、今がお得な理由

✅ 口座開設・維持費：ずっと無料
✅ 最短1日で取引開始
✅ デモ口座でリスクゼロで練習できる
✅ 24時間サポートで初心者でも安心

「FXやってみたい」と思ったタイミングが
一番行動しやすい。後回しにするほど機会損失になる。

開設だけして、まずデモ取引してみるのがベスト↓
▶ ren-money.com/blog/dmm-fx-review/

#DMM_FX #FX口座開設 #副業",error,,,"403 Forbidden
You are not permitted to perform this action."
101,2026-05-10,19:00,エポスカード,"年会費無料のクレカで、これができるのエポスカードくらい。

✅ 海外旅行傷害保険（最高500万円）が無料でつく
✅ 年会費：永久無料
✅ 使い続けるとゴールドカードに無料昇格

海外行く人は旅行保険を別途買わなくていい分、
エポスカードを持ってるだけで節約になる。

詳しいメリット・デメリットはこちら↓
▶ ren-money.com/blog/epos-card-review/

#エポスカード #クレカ #海外旅行 #節約","年会費無料のクレカで、これができるのエポスカードくらい。

✅ 海外旅行傷害保険（最高500万円）が無料でつく
✅ 年会費：永久無料
✅ 使い続けるとゴールドカードに無料昇格

海外行く人は旅行保険を別途買わなくていい分、
エポスカードを持ってるだけで節約になる。

詳しいメリット・デメリットはこちら↓
▶ ren-money.com/blog/epos-card-review/

#エポスカード #クレカ #海外旅行 #節約",error,,,"403 Forbidden
You are not permitted to perform this action."
102,2026-05-11,07:30,バズ_まとめ,"給料日前に「お金ない」が口癖だった自分が
資産500万になるまでにやめたこと

①コンビニのATM手数料（年3,000円の無駄）
②サブスク7本同時契約（月2万→月3千円に）
③スーパーで空腹時に買い物
④ボーナスを全額「ご褒美」に使う
⑤残業代を収入と思って使う

全部やめただけで月5万浮いた。
貯まらない理由は収入じゃなかった。

#節約 #お金の勉強 #資産形成","給料日前に「お金ない」が口癖だった自分が
資産500万になるまでにやめたこと

①コンビニのATM手数料（年3,000円の無駄）
②サブスク7本同時契約（月2万→月3千円に）
③スーパーで空腹時に買い物
④ボーナスを全額「ご褒美」に使う
⑤残業代を収入と思って使う

全部やめただけで月5万浮いた。
貯まらない理由は収入じゃなかった。

#節約 #お金の勉強 #資産形成",posted,2026-05-11 22:55:22,2053836364727349392,
103,2026-05-11,12:00,バズ_逆説,"「貯金が増えない」と悩んでいる人の
9割は貯金の方法を間違えている

❌ 使った残りを貯金する
⭕ 先に貯金して残りで生活する

月収30万で「先取り3万」を1年続けるだけで
36万円貯まる。

「残ったら貯金」は一生貯まらない。
仕組みを変えるだけで結果が変わる。

#貯金 #節約 #お金の勉強 #資産形成","「貯金が増えない」と悩んでいる人の
9割は貯金の方法を間違えている

❌ 使った残りを貯金する
⭕ 先に貯金して残りで生活する

月収30万で「先取り3万」を1年続けるだけで
36万円貯まる。

「残ったら貯金」は一生貯まらない。
仕組みを変えるだけで結果が変わる。

#貯金 #節約 #お金の勉強 #資産形成",posted,2026-05-11 22:55:22,2053836365868179691,
104,2026-05-11,19:00,DMM_FX,"FXを始めた時、正直こわかった。

でも怖いまま放置するのも損してる感があって、
まず1万円だけ入金してDMM FXで試してみた。

スマホアプリを開いたら「意外と簡単」で拍子抜けした。
相場が動くのをただ眺めてた最初の一週間が、
一番勉強になった気がする。

始めたい人は、まず1円も失わないデモ口座から。
口座開設は無料で5分かからない↓
▶ ren-money.com/blog/dmm-fx-review/

#FX #DMM_FX #初心者","FXを始めた時、正直こわかった。

でも怖いまま放置するのも損してる感があって、
まず1万円だけ入金してDMM FXで試してみた。

スマホアプリを開いたら「意外と簡単」で拍子抜けした。
相場が動くのをただ眺めてた最初の一週間が、
一番勉強になった気がする。

始めたい人は、まず1円も失わないデモ口座から。
口座開設は無料で5分かからない↓
▶ ren-money.com/blog/dmm-fx-review/

#FX #DMM_FX #初心者",posted,2026-05-11 19:01:15,2053777445178978431,
105,2026-05-11,21:00,バズ_あるある,"年収400万の会社員が毎月カツカツな理由

手取り27万の使い道
└ 家賃：8万
└ 食費：4万
└ 光熱費：1.5万
└ スマホ：1万
└ サブスク：2万（←ここが闇）
└ 交際費：3万
└ 被服費：2万
└ 雑費：2万
= 残り3.5万

「貯金できない」は当然の結果。
数字で見ると一目瞭然。

#家計管理 #節約 #お金の勉強","年収400万の会社員が毎月カツカツな理由

手取り27万の使い道
└ 家賃：8万
└ 食費：4万
└ 光熱費：1.5万
└ スマホ：1万
└ サブスク：2万（←ここが闇）
└ 交際費：3万
└ 被服費：2万
└ 雑費：2万
= 残り3.5万

「貯金できない」は当然の結果。
数字で見ると一目瞭然。

#家計管理 #節約 #お金の勉強",posted,2026-05-11 22:55:23,2053836367042642090,
106,2026-05-12,07:30,バズ_まとめ,"20代で絶対やっておくべきお金のこと

①新NISAを満額じゃなくてもいいから始める
②iDeCoで所得控除を受ける
③クレカを還元率で選び直す
④固定費を一度全部見直す
⑤副業を1つ試してみる

30代になってから始めると
「あと10年あれば」と必ず後悔する。

今日始めた人が10年後に勝つ。

#新NISA #iDeCo #副業 #お金の勉強","20代で絶対やっておくべきお金のこと

①新NISAを満額じゃなくてもいいから始める
②iDeCoで所得控除を受ける
③クレカを還元率で選び直す
④固定費を一度全部見直す
⑤副業を1つ試してみる

30代になってから始めると
「あと10年あれば」と必ず後悔する。

今日始めた人が10年後に勝つ。

#新NISA #iDeCo #副業 #お金の勉強",posted,2026-05-12 08:13:57,2053976937119567877,
107,2026-05-12,12:00,バズ_逆説,"「副業は時間がない人にはできない」
←これ完全に間違い

時間がないから副業が必要。

僕が副業を始めたのは
残業月40時間の会社員の時。

最初は1日30分だけ。
初月の収入は3,000円。

でも1年後は月3万、
3年後は月20万になった。

時間がないなら、時間を買える仕組みを作るしかない。

#副業 #時間管理 #会社員 #資産形成","「副業は時間がない人にはできない」
←これ完全に間違い

時間がないから副業が必要。

僕が副業を始めたのは
残業月40時間の会社員の時。

最初は1日30分だけ。
初月の収入は3,000円。

でも1年後は月3万、
3年後は月20万になった。

時間がないなら、時間を買える仕組みを作るしかない。

#副業 #時間管理 #会社員 #資産形成",posted,2026-05-12 12:01:00,2054034076932485292,
108,2026-05-12,19:00,バズ_まとめ,"会社員が節税で取り戻せるお金、全部教える

①ふるさと納税：年収500万で約7万円分
②iDeCo：月2.3万×12ヶ月で約5.5万節税
③医療費控除：年10万超えたら確定申告
④生命保険料控除：最大4万の所得控除
⑤副業の経費化：PC・書籍・通信費など

これ全部やると年間15〜20万違う。
知ってるかどうかだけの差。

#節税 #ふるさと納税 #iDeCo #確定申告","会社員が節税で取り戻せるお金、全部教える

①ふるさと納税：年収500万で約7万円分
②iDeCo：月2.3万×12ヶ月で約5.5万節税
③医療費控除：年10万超えたら確定申告
④生命保険料控除：最大4万の所得控除
⑤副業の経費化：PC・書籍・通信費など

これ全部やると年間15〜20万違う。
知ってるかどうかだけの差。

#節税 #ふるさと納税 #iDeCo #確定申告",posted,2026-05-12 22:44:15,2054195955071914323,
109,2026-05-12,21:00,バズ_共感,"25歳のとき財布に3,000円しかなかった。

給料日まで5日あって、
スーパーの半額シールを探しながら歩いてた。

「このまま一生こんな感じなのかな」って
本気で思ってた。

7年後の今、その当時の月収より多い額が
副業だけで毎月入ってくる。

何が変わったかって、
「お金は勉強すれば変えられる」と信じたこと。

#副業 #資産形成 #お金の勉強","25歳のとき財布に3,000円しかなかった。

給料日まで5日あって、
スーパーの半額シールを探しながら歩いてた。

「このまま一生こんな感じなのかな」って
本気で思ってた。

7年後の今、その当時の月収より多い額が
副業だけで毎月入ってくる。

何が変わったかって、
「お金は勉強すれば変えられる」と信じたこと。

#副業 #資産形成 #お金の勉強",posted,2026-05-12 22:44:15,2054195956317577716,
110,2026-05-13,07:30,バズ_まとめ,"「投資怖い」と言ってた人が
新NISAを始めた後によく言うこと

「もっと早く始めればよかった」
「思ってたより全然難しくない」
「毎月設定したら何もしなくていいの楽」
「元本割れしても長期なら戻るって知った」
「iDeCoもやればよかった」

怖かったのは「知らなかっただけ」だった。

#新NISA #投資初心者 #お金の勉強","「投資怖い」と言ってた人が
新NISAを始めた後によく言うこと

「もっと早く始めればよかった」
「思ってたより全然難しくない」
「毎月設定したら何もしなくていいの楽」
「元本割れしても長期なら戻るって知った」
「iDeCoもやればよかった」

怖かったのは「知らなかっただけ」だった。

#新NISA #投資初心者 #お金の勉強",posted,2026-05-13 07:43:08,2054331578424406195,
111,2026-05-13,12:00,バズ_逆説,"借金200万あった自分が
なぜ投資を始めたか

「借金があるのに投資なんて」と言う人もいた。

でも計算したら
リボ払いの金利15%より
インデックス投資の期待リターン7%の方が低い。

だから借金を全力で返しながら
NISAだけは月1万円続けた。

借金完済後に一気に増やした。
順番が大事。

#新NISA #借金 #資産形成 #お金の勉強","借金200万あった自分が
なぜ投資を始めたか

「借金があるのに投資なんて」と言う人もいた。

でも計算したら
リボ払いの金利15%より
インデックス投資の期待リターン7%の方が低い。

だから借金を全力で返しながら
NISAだけは月1万円続けた。

借金完済後に一気に増やした。
順番が大事。

#新NISA #借金 #資産形成 #お金の勉強",posted,2026-05-13 11:59:04,2054395977243762903,
112,2026-05-13,19:00,JFX,"FX口座を複数使って気づいたこと。

DMM FXは「使いやすさ」
JFXは「約定力と満足度」
FXTFは「商品の多様性」

全部無料で作れるので、
用途に応じて使い分けるのが正解。

JFXは2025年オリコン顧客満足度FX総合No.1。
ずっと使い続けている人が多い口座の理由↓
▶ ren-money.com/blog/jfx-review/

#FX #JFX #資産形成","FX口座を複数使って気づいたこと。

DMM FXは「使いやすさ」
JFXは「約定力と満足度」
FXTFは「商品の多様性」

全部無料で作れるので、
用途に応じて使い分けるのが正解。

JFXは2025年オリコン顧客満足度FX総合No.1。
ずっと使い続けている人が多い口座の理由↓
▶ ren-money.com/blog/jfx-review/

#FX #JFX #資産形成",posted,2026-05-13 19:01:50,2054502370676228293,
113,2026-05-13,21:00,バズ_あるある,"副業始めて最初に驚いたこと

会社：一生懸命働いて月25万
副業：寝てる間に記事が読まれて収益発生

同じ「稼ぐ」でも全然違う仕組みだと気づいた。

本業は時間を売ってる。
副業は仕組みを作ってる。

仕組みが育つほど、
働かなくても入ってくる金額が増える。

これが「お金に働かせる」の意味だった。

#副業 #資産形成 #会社員 #FIRE","副業始めて最初に驚いたこと

会社：一生懸命働いて月25万
副業：寝てる間に記事が読まれて収益発生

同じ「稼ぐ」でも全然違う仕組みだと気づいた。

本業は時間を売ってる。
副業は仕組みを作ってる。

仕組みが育つほど、
働かなくても入ってくる金額が増える。

これが「お金に働かせる」の意味だった。

#副業 #資産形成 #会社員 #FIRE",posted,2026-05-13 21:54:34,2054545838882640165,
114,2026-05-14,07:30,バズ_まとめ,"手取り25万から月5万貯金できるようになった
固定費削減の実録

削減前 → 削減後
スマホ：1.2万 → 3,000円（格安SIM）
Wi-Fi：4,000円 → 0円（スマホテザリング）
サブスク：1.8万 → 5,000円（厳選3本に）
保険：2万 → 8,000円（掛け捨てに変更）
ジム：1万 → 0円（公園ランに変更）

合計 -3.9万円/月

固定費は一度削ると
ずっと楽になる。

#節約 #固定費 #家計管理 #お金の勉強","手取り25万から月5万貯金できるようになった
固定費削減の実録

削減前 → 削減後
スマホ：1.2万 → 3,000円（格安SIM）
Wi-Fi：4,000円 → 0円（スマホテザリング）
サブスク：1.8万 → 5,000円（厳選3本に）
保険：2万 → 8,000円（掛け捨てに変更）
ジム：1万 → 0円（公園ランに変更）

合計 -3.9万円/月

固定費は一度削ると
ずっと楽になる。

#節約 #固定費 #家計管理 #お金の勉強",posted,2026-05-14 08:20:28,2054703352613879901,
115,2026-05-14,12:00,バズ_逆説,"「FXで稼ぐのは難しい」
←これ半分正しくて半分間違い

難しいのは：短期トレードで毎日利益を出すこと
難しくないのは：リスク管理して長く続けること

レバレッジ2〜3倍・少額から始めれば
普通の投資とリスクは大差ない。

「FX=怖い」のイメージは
レバレッジ25倍でギャンブルした人が作ったもの。

#FX #投資 #リスク管理 #お金の勉強","「FXで稼ぐのは難しい」
←これ半分正しくて半分間違い

難しいのは：短期トレードで毎日利益を出すこと
難しくないのは：リスク管理して長く続けること

レバレッジ2〜3倍・少額から始めれば
普通の投資とリスクは大差ない。

「FX=怖い」のイメージは
レバレッジ25倍でギャンブルした人が作ったもの。

#FX #投資 #リスク管理 #お金の勉強",posted,2026-05-14 11:59:16,2054758416380514469,
116,2026-05-14,19:00,バズ_まとめ,"副業で稼ぎ続けている人の共通点

①毎日30分でも作業を止めない
②最初の3ヶ月は収益を期待しない
③うまくいったことより失敗から学ぶ
④収益が出たら仕組みを改善し続ける
⑤「もう少し準備してから」と言わない

月5万の人と月0円の人の差は
才能でも時間でもなく「継続したかどうか」だけ。

#副業 #継続 #会社員 #資産形成","副業で稼ぎ続けている人の共通点

①毎日30分でも作業を止めない
②最初の3ヶ月は収益を期待しない
③うまくいったことより失敗から学ぶ
④収益が出たら仕組みを改善し続ける
⑤「もう少し準備してから」と言わない

月5万の人と月0円の人の差は
才能でも時間でもなく「継続したかどうか」だけ。

#副業 #継続 #会社員 #資産形成",posted,2026-05-16 10:46:22,2055600741776232943,
117,2026-05-14,21:00,バズ_共感,"副業月3万を超えた日の話。

「たった3万」と思う人もいるかもしれない。

でも自分にとっては
「会社以外でも稼げる」という証明だった。

給料が全てじゃないと初めて実感した夜。
会社への依存度が一気に下がった。

今は月20万。
あの3万が全てのスタートだった。

最初の1円が、人生を変える。

#副業 #会社員 #資産形成 #FIRE","副業月3万を超えた日の話。

「たった3万」と思う人もいるかもしれない。

でも自分にとっては
「会社以外でも稼げる」という証明だった。

給料が全てじゃないと初めて実感した夜。
会社への依存度が一気に下がった。

今は月20万。
あの3万が全てのスタートだった。

最初の1円が、人生を変える。

#副業 #会社員 #資産形成 #FIRE",posted,2026-05-16 10:46:22,2055600742426394795,
118,2026-05-15,07:30,バズ_まとめ,"年収300万でも資産形成できる理由

年収500万で貯金ゼロの人より
年収300万で月3万積立の人の方が
10年後は豊かになる。

✅ 月3万×12ヶ月=年36万
✅ 年36万×10年=360万（元本）
✅ 複利効果で450〜500万になる

年収より「毎月いくら投資に回せるか」が全て。
収入より支出のコントロールが先。

#新NISA #資産形成 #節約 #お金の勉強","年収300万でも資産形成できる理由

年収500万で貯金ゼロの人より
年収300万で月3万積立の人の方が
10年後は豊かになる。

✅ 月3万×12ヶ月=年36万
✅ 年36万×10年=360万（元本）
✅ 複利効果で450〜500万になる

年収より「毎月いくら投資に回せるか」が全て。
収入より支出のコントロールが先。

#新NISA #資産形成 #節約 #お金の勉強",posted,2026-05-16 10:46:23,2055600743101710491,
119,2026-05-15,12:00,バズ_逆説,"「お金の勉強は難しそう」
←これが一番もったいない思い込み

僕が最初に読んだ本は1冊だけ。
「難しい」と思ったのは
難しい本を選んでいたから。

NISAの始め方・ふるさと納税・iDeCo
この3つを理解するだけで
年間10〜20万変わる。

難しくない。
知らないままでいるコストの方が高い。

#新NISA #ふるさと納税 #iDeCo #お金の勉強","「お金の勉強は難しそう」
←これが一番もったいない思い込み

僕が最初に読んだ本は1冊だけ。
「難しい」と思ったのは
難しい本を選んでいたから。

NISAの始め方・ふるさと納税・iDeCo
この3つを理解するだけで
年間10〜20万変わる。

難しくない。
知らないままでいるコストの方が高い。

#新NISA #ふるさと納税 #iDeCo #お金の勉強",posted,2026-05-16 10:46:23,2055600743793750104,
120,2026-05-15,19:00,FXTF,"「ノックアウトオプション」知ってる？

普通のFXと何が違うか：

普通のFX：損失が青天井になる可能性がある
KO：事前設定した価格で自動決済→損失が限定される

「レバレッジは使いたいけど追証は嫌」という人に向いてる。
FXTFで取引できる↓
▶ ren-money.com/blog/fxtf-review/

#FX #ノックアウトオプション #FXTF #リスク管理","「ノックアウトオプション」知ってる？

普通のFXと何が違うか：

普通のFX：損失が青天井になる可能性がある
KO：事前設定した価格で自動決済→損失が限定される

「レバレッジは使いたいけど追証は嫌」という人に向いてる。
FXTFで取引できる↓
▶ ren-money.com/blog/fxtf-review/

#FX #ノックアウトオプション #FXTF #リスク管理",posted,2026-05-16 10:46:23,2055600744531894476,
121,2026-05-15,21:00,バズ_共感,"「副業している」と会社に言えない人へ

言わなくていい。

副業を禁止している会社でも
「投資」は禁止できない。

ブログ・アフィリエイト・FXは
多くの会社で「投資」として扱われる。

就業規則を一度確認して、
グレーなら副業ではなく「資産運用」として続ける。

知識があるだけで選択肢が増える。

#副業 #会社員 #節税 #お金の勉強","「副業している」と会社に言えない人へ

言わなくていい。

副業を禁止している会社でも
「投資」は禁止できない。

ブログ・アフィリエイト・FXは
多くの会社で「投資」として扱われる。

就業規則を一度確認して、
グレーなら副業ではなく「資産運用」として続ける。

知識があるだけで選択肢が増える。

#副業 #会社員 #節税 #お金の勉強",posted,2026-05-16 10:46:23,2055600745328808150,
122,2026-05-16,07:30,バズ_まとめ,"30代で資産1000万を目指すなら
今すぐやるべき5つのこと

①新NISAを月5万以上に設定する
②iDeCoを満額拠出する
③副業収入を全額投資に回す
④生命保険を掛け捨てに見直す
⑤ふるさと納税を限度額まで使う

これ全部やると
「普通の会社員」でも
30代で1000万は現実的な数字になる。

#新NISA #iDeCo #資産形成 #FIRE","30代で資産1000万を目指すなら
今すぐやるべき5つのこと

①新NISAを月5万以上に設定する
②iDeCoを満額拠出する
③副業収入を全額投資に回す
④生命保険を掛け捨てに見直す
⑤ふるさと納税を限度額まで使う

これ全部やると
「普通の会社員」でも
30代で1000万は現実的な数字になる。

#新NISA #iDeCo #資産形成 #FIRE",posted,2026-05-16 10:46:23,2055600746088050785,
123,2026-05-16,12:00,バズ_逆説,"借金200万あったとき
「投資なんて自分には関係ない」と思ってた。

今思うと逆だった。

お金の知識がなかったから借金した。
お金の知識を得たから資産が増えた。

借金がある人こそ
お金の勉強が一番必要。

借金を返しながらでも
NISAを月1万だけ続けたことが
今の500万の土台になってる。

#新NISA #借金 #資産形成 #お金の勉強","借金200万あったとき
「投資なんて自分には関係ない」と思ってた。

今思うと逆だった。

お金の知識がなかったから借金した。
お金の知識を得たから資産が増えた。

借金がある人こそ
お金の勉強が一番必要。

借金を返しながらでも
NISAを月1万だけ続けたことが
今の500万の土台になってる。

#新NISA #借金 #資産形成 #お金の勉強",pending,,,
124,2026-05-16,19:00,DMM_FX,"【FX口座を選ぶ3つの基準】

✅ スプレッド（取引コスト）
✅ 約定力（注文が通りやすいか）
✅ ツールの使いやすさ

初心者なら全部を満たすDMM FXから始めるのが無難。

・スプレッド0.2銭（業界最狭水準）
・口座数400万超（業界最大）
・24時間サポートあり

詳しくはブログに書いた↓
▶ ren-money.com/blog/dmm-fx-review/

#FX #FX初心者 #資産形成","【FX口座を選ぶ3つの基準】

✅ スプレッド（取引コスト）
✅ 約定力（注文が通りやすいか）
✅ ツールの使いやすさ

初心者なら全部を満たすDMM FXから始めるのが無難。

・スプレッド0.2銭（業界最狭水準）
・口座数400万超（業界最大）
・24時間サポートあり

詳しくはブログに書いた↓
▶ ren-money.com/blog/dmm-fx-review/

#FX #FX初心者 #資産形成",pending,,,
125,2026-05-16,21:00,バズ_あるある,"お金が貯まらない人の共通点、全部当てはまってた

✅ お金の不安を「考えないようにしてた」
✅ 家計簿をつけたことがない
✅ 固定費を把握していない
✅ NISAを「なんとなく」始めていない
✅ 「いつか副業しよう」と3年言ってる

不安の原因は「知らないこと」
解決策は「動くこと」

この投稿見てる時間があるなら、
まず家計簿アプリを入れてみて。

#家計管理 #節約 #新NISA #お金の勉強","お金が貯まらない人の共通点、全部当てはまってた

✅ お金の不安を「考えないようにしてた」
✅ 家計簿をつけたことがない
✅ 固定費を把握していない
✅ NISAを「なんとなく」始めていない
✅ 「いつか副業しよう」と3年言ってる

不安の原因は「知らないこと」
解決策は「動くこと」

この投稿見てる時間があるなら、
まず家計簿アプリを入れてみて。

#家計管理 #節約 #新NISA #お金の勉強",pending,,,
126,2026-05-17,07:30,バズ_まとめ,"月収が上がっても豊かにならない理由

月収20万 → 生活費20万
月収30万 → 生活費30万
月収50万 → 生活費50万

これを「ライフスタイルインフレ」という。

収入が増えると支出も増える。
豊かになるのは
「収入を増やしながら生活費を固定する」人だけ。

副業で月5万増えたなら
その5万を全額投資に回す。
これだけで10年後が変わる。

#資産形成 #副業 #新NISA #FIRE","月収が上がっても豊かにならない理由

月収20万 → 生活費20万
月収30万 → 生活費30万
月収50万 → 生活費50万

これを「ライフスタイルインフレ」という。

収入が増えると支出も増える。
豊かになるのは
「収入を増やしながら生活費を固定する」人だけ。

副業で月5万増えたなら
その5万を全額投資に回す。
これだけで10年後が変わる。

#資産形成 #副業 #新NISA #FIRE",pending,,,
127,2026-05-17,12:00,バズ_共感,"32歳の今と25歳の自分を比べると

25歳：借金200万・貯金0・将来の不安しかない
32歳：借金0・資産500万・副業月20万・不安より楽しみが多い

変わったことは「知識」と「行動」だけ。

才能も運もない。
給料も平均的なIT会社員のまま。

でも学んで動いたら変わった。

これを読んでる人も変われる。
少なくとも僕はそう信じてる。

#副業 #資産形成 #お金の勉強 #FIRE","32歳の今と25歳の自分を比べると

25歳：借金200万・貯金0・将来の不安しかない
32歳：借金0・資産500万・副業月20万・不安より楽しみが多い

変わったことは「知識」と「行動」だけ。

才能も運もない。
給料も平均的なIT会社員のまま。

でも学んで動いたら変わった。

これを読んでる人も変われる。
少なくとも僕はそう信じてる。

#副業 #資産形成 #お金の勉強 #FIRE",pending,,,
128,2026-05-17,19:00,バズ_まとめ,"今週まとめ📝保存推奨

✅ 貯金は「先取り」が鉄則
✅ 固定費削減で月4万浮かせた実録
✅ 節税で年間15万取り戻す5つの方法
✅ 副業を始めた会社員が3ヶ月でやること
✅ FXのリスクを正しく理解する3つの視点

全部ブログに詳しく書いてあります↓
▶ ren-money.com

来週もお金が増える情報を発信します。
フォローしてもらえると嬉しいです🙏

#お金の勉強 #資産形成 #副業 #節約","今週まとめ📝保存推奨

✅ 貯金は「先取り」が鉄則
✅ 固定費削減で月4万浮かせた実録
✅ 節税で年間15万取り戻す5つの方法
✅ 副業を始めた会社員が3ヶ月でやること
✅ FXのリスクを正しく理解する3つの視点

全部ブログに詳しく書いてあります↓
▶ ren-money.com

来週もお金が増える情報を発信します。
フォローしてもらえると嬉しいです🙏

#お金の勉強 #資産形成 #副業 #節約",pending,,,
129,2026-05-17,21:00,バズ_問いかけ,"正直に教えてほしい。

今のお金の状況、どのフェーズ？

A：毎月赤字・借金がある
B：黒字だけど全然貯まらない
C：貯まってるけど増やし方がわからない
D：投資してるけど副業も始めたい
E：副業×投資で着実に増えてる

コメントで教えてください。
同じフェーズの人を繋げたいし、
先のフェーズの人からアドバイスもらいたい。

#お金の勉強 #資産形成 #副業 #NISA","正直に教えてほしい。

今のお金の状況、どのフェーズ？

A：毎月赤字・借金がある
B：黒字だけど全然貯まらない
C：貯まってるけど増やし方がわからない
D：投資してるけど副業も始めたい
E：副業×投資で着実に増えてる

コメントで教えてください。
同じフェーズの人を繋げたいし、
先のフェーズの人からアドバイスもらいたい。

#お金の勉強 #資産形成 #副業 #NISA",pending,,,
130,2026-05-18,07:30,型C,"🔥DMM FXが今アツい理由

✅ 口座数400万超の国内No.1
✅ スプレッド0.2銭（超コスパ）
✅ 最短1日で口座開設完了
✅ 24時間サポートで初心者安心

FXって難しそう…って思ってた僕が一番後悔したのは「始めるのが遅かった」こと。無料口座だけ作っておくのもアリだよ🙌

▶ ren-money.com/blog/dmm-fx-review/
※アフィリエイト広告を含みます","🔥DMM FXが今アツい理由

✅ 口座数400万超の国内No.1
✅ スプレッド0.2銭（超コスパ）
✅ 最短1日で口座開設完了
✅ 24時間サポートで初心者安心

FXって難しそう…って思ってた僕が一番後悔したのは「始めるのが遅かった」こと。無料口座だけ作っておくのもアリだよ🙌

▶ ren-money.com/blog/dmm-fx-review/
※アフィリエイト広告を含みます",pending,,,
131,2026-05-18,12:00,型B,"「FXって怖い」って思ってる人、実は僕も最初そうだった。

借金200万あった25歳の頃、投資なんて自分には無縁だと思ってた。でも調べれば調べるほど「知らないことの方がリスクだ」ってわかってきた。

怖いのって、FXそのものじゃなくて「知識ゼロで突っ込むこと」なんだよね。わかる人いる？","「FXって怖い」って思ってる人、実は僕も最初そうだった。

借金200万あった25歳の頃、投資なんて自分には無縁だと思ってた。でも調べれば調べるほど「知らないことの方がリスクだ」ってわかってきた。

怖いのって、FXそのものじゃなくて「知識ゼロで突っ込むこと」なんだよね。わかる人いる？",pending,,,
132,2026-05-18,19:00,型A,"FX初心者が口座選びで見るべき3つのポイント📌

①スプレッドの狭さ（取引コスト直結）
②サポート体制（初心者は質問できる環境が命）
③操作のしやすさ（スマホアプリの使い勝手）

この3つ全部クリアしてるのがDMM FX。僕が最初に選んだ理由もここ。迷ったらまず定番から入るのが堅実だと思う。

保存しておくと後で役立つよ🙌","FX初心者が口座選びで見るべき3つのポイント📌

①スプレッドの狭さ（取引コスト直結）
②サポート体制（初心者は質問できる環境が命）
③操作のしやすさ（スマホアプリの使い勝手）

この3つ全部クリアしてるのがDMM FX。僕が最初に選んだ理由もここ。迷ったらまず定番から入るのが堅実だと思う。

保存しておくと後で役立つよ🙌",pending,,,
133,2026-05-18,21:00,型D,"25歳のとき、財布に1,000円しかなかった日がある。

借金200万。毎月の返済で手取りはほぼ消える。「このまま一生貧乏なのかな」って本気で思ってた。

転機は28歳。副業の勉強を始めて、FXや資産運用を少しずつ知っていった。最初の月の副業収入は3,000円。でもそこから変わった。

今は副業月20万、資産500万。35歳FIREが見えてきた。続きはまたツイートするね。フォローしてくれると嬉しいです🙏","25歳のとき、財布に1,000円しかなかった日がある。

借金200万。毎月の返済で手取りはほぼ消える。「このまま一生貧乏なのかな」って本気で思ってた。

転機は28歳。副業の勉強を始めて、FXや資産運用を少しずつ知っていった。最初の月の副業収入は3,000円。でもそこから変わった。

今は副業月20万、資産500万。35歳FIREが見えてきた。続きはまたツイートするね。フォローしてくれると嬉しいです🙏",pending,,,
134,2026-05-19,07:30,型C,"🔥FX口座、まだ持ってない人へ

DMM FXは無料で作れて維持費もゼロ。使わなくてもリスクなし。

でも口座があるとこんなメリットが↓
✅ 相場を毎日チェックする習慣がつく
✅ デモ取引で練習できる
✅ キャンペーン情報をいち早く受け取れる

「とりあえず口座だけ」でも全然アリだよ🙌

▶ ren-money.com/blog/dmm-fx-review/
※アフィリエイト広告を含みます","🔥FX口座、まだ持ってない人へ

DMM FXは無料で作れて維持費もゼロ。使わなくてもリスクなし。

でも口座があるとこんなメリットが↓
✅ 相場を毎日チェックする習慣がつく
✅ デモ取引で練習できる
✅ キャンペーン情報をいち早く受け取れる

「とりあえず口座だけ」でも全然アリだよ🙌

▶ ren-money.com/blog/dmm-fx-review/
※アフィリエイト広告を含みます",pending,,,
135,2026-05-19,12:00,型B,"副業始めたての頃、周りに話せる人が誰もいなかった。

「FXやってる」って言うと「ギャンブルじゃん」って言われるし、「投資してる」って言うと「怪しい」って思われる。

だから一人でひたすら勉強して、一人で試して、一人で失敗した。

同じ経験した人、Xにはきっといると思って発信し始めた。同じ境遇の人と繋がれたら嬉しいな😌","副業始めたての頃、周りに話せる人が誰もいなかった。

「FXやってる」って言うと「ギャンブルじゃん」って言われるし、「投資してる」って言うと「怪しい」って思われる。

だから一人でひたすら勉強して、一人で試して、一人で失敗した。

同じ経験した人、Xにはきっといると思って発信し始めた。同じ境遇の人と繋がれたら嬉しいな😌",pending,,,
136,2026-05-19,19:00,型A,"FX初心者が最初にやるべき5ステップ📌

①口座を無料で開設する
②デモ取引で操作に慣れる
③チャートの基本（ローソク足）を覚える
④少額（1,000通貨）でリアル取引を体験
⑤1回の損失上限を事前に決める

順番通りやれば「いきなり大損」はかなり防げる。僕はこの順番を知らずに始めて②③をすっ飛ばした笑

保存して参考にしてね🙏","FX初心者が最初にやるべき5ステップ📌

①口座を無料で開設する
②デモ取引で操作に慣れる
③チャートの基本（ローソク足）を覚える
④少額（1,000通貨）でリアル取引を体験
⑤1回の損失上限を事前に決める

順番通りやれば「いきなり大損」はかなり防げる。僕はこの順番を知らずに始めて②③をすっ飛ばした笑

保存して参考にしてね🙏",pending,,,
137,2026-05-19,21:00,型D,"28歳の夜、初めてFXの口座を開いた。

ドキドキしながら1,000円だけ入れて取引した。結果は-200円。「やっぱり無理か」ってなりかけた。

でも損した理由を調べたら「スプレッドの意味すら知らなかった」ことに気づいた。負けて初めて勉強した。

そこからはコツコツ。今は月20万の副収入になってる。始めた当時の自分に言いたい——「もっと早く基礎を学べ」って😅","28歳の夜、初めてFXの口座を開いた。

ドキドキしながら1,000円だけ入れて取引した。結果は-200円。「やっぱり無理か」ってなりかけた。

でも損した理由を調べたら「スプレッドの意味すら知らなかった」ことに気づいた。負けて初めて勉強した。

そこからはコツコツ。今は月20万の副収入になってる。始めた当時の自分に言いたい——「もっと早く基礎を学べ」って😅",pending,,,
138,2026-05-20,07:30,型C,"🔥エポスカード、まじで持ってて損なし

✅ 年会費永久無料
✅ 海外旅行保険が自動付帯で最大500万円
✅ 使い続けるとゴールドカードに招待される

サブカードとして持っておくだけでお得が積み上がる。旅行好きな人はとくに恩恵でかい🌏

▶ ren-money.com/blog/epos-card-review/
※アフィリエイト広告を含みます","🔥エポスカード、まじで持ってて損なし

✅ 年会費永久無料
✅ 海外旅行保険が自動付帯で最大500万円
✅ 使い続けるとゴールドカードに招待される

サブカードとして持っておくだけでお得が積み上がる。旅行好きな人はとくに恩恵でかい🌏

▶ ren-money.com/blog/epos-card-review/
※アフィリエイト広告を含みます",pending,,,
139,2026-05-20,12:00,型B,"「貯金できない体質」って思ってた時期、ある。

給料日に全額あって、気づいたら残り3万。何に使ったか全然わからない。家計簿もつけたけど3日で挫折した笑

でもそれって意志力の問題じゃなくて、仕組みの問題だった。先に投資口座に移す「先取り貯蓄」を知ってから変わった。

同じ感じだった人いる？","「貯金できない体質」って思ってた時期、ある。

給料日に全額あって、気づいたら残り3万。何に使ったか全然わからない。家計簿もつけたけど3日で挫折した笑

でもそれって意志力の問題じゃなくて、仕組みの問題だった。先に投資口座に移す「先取り貯蓄」を知ってから変わった。

同じ感じだった人いる？",pending,,,
140,2026-05-20,19:00,型A,"MT4でFXをやりたい人に向いてる口座📌

JFXを推す理由はここ↓
①2025年オリコン顧客満足度FX総合No.1
②MT4に完全対応（インジケーター自由）
③約定力が業界最高水準
④自動売買（EA）もそのまま使える

「チャートを自分好みにカスタムしたい」「EAを走らせたい」って人にはDMM FXより向いてる場面もある。用途で使い分けるのが賢い🙌

▶ ren-money.com/blog/jfx-review/
※アフィリエイト広告を含みます","MT4でFXをやりたい人に向いてる口座📌

JFXを推す理由はここ↓
①2025年オリコン顧客満足度FX総合No.1
②MT4に完全対応（インジケーター自由）
③約定力が業界最高水準
④自動売買（EA）もそのまま使える

「チャートを自分好みにカスタムしたい」「EAを走らせたい」って人にはDMM FXより向いてる場面もある。用途で使い分けるのが賢い🙌

▶ ren-money.com/blog/jfx-review/
※アフィリエイト広告を含みます",pending,,,
141,2026-05-20,21:00,型D,"30歳の誕生日に借金を完済した。

200万の借金を返し終わったとき、正直「やっと普通になれた」って思った。嬉しいというより、ほっとした。

25歳から5年かかった。副業の収入を全部返済に充てた月も何度もあった。

今はその副業が月20万を超えた。あの5年間があったから今がある。しんどい時期の話も、またちゃんと書くね。フォローしてくれると続き届くよ🙏","30歳の誕生日に借金を完済した。

200万の借金を返し終わったとき、正直「やっと普通になれた」って思った。嬉しいというより、ほっとした。

25歳から5年かかった。副業の収入を全部返済に充てた月も何度もあった。

今はその副業が月20万を超えた。あの5年間があったから今がある。しんどい時期の話も、またちゃんと書くね。フォローしてくれると続き届くよ🙏",pending,,,
142,2026-05-21,07:30,型C,"🔥DMM FXを選ぶ人が多い理由、調べてみた

口座数400万超ってすごい数字だけど、理由がちゃんとある↓

✅ スプレッド0.2銭（業界最狭水準）
✅ スマホアプリが超使いやすい
✅ 24時間365日サポートあり
✅ 最短1日で開設完了

初めてのFX口座に迷ってる人、まずここ見てみて💡

▶ ren-money.com/blog/dmm-fx-review/
※アフィリエイト広告を含みます","🔥DMM FXを選ぶ人が多い理由、調べてみた

口座数400万超ってすごい数字だけど、理由がちゃんとある↓

✅ スプレッド0.2銭（業界最狭水準）
✅ スマホアプリが超使いやすい
✅ 24時間365日サポートあり
✅ 最短1日で開設完了

初めてのFX口座に迷ってる人、まずここ見てみて💡

▶ ren-money.com/blog/dmm-fx-review/
※アフィリエイト広告を含みます",pending,,,
143,2026-05-21,12:00,型B,"FXって聞くと「危ない」ってなる気持ち、わかる。

ニュースで出てくるのって「FXで1000万溶かした」みたいな話ばかりだもんね。そりゃ怖い。

でも実際は「知識なしで大金を動かした人」の話で、少額から・仕組みを理解した上でやる人とは全然違う。

怖いのはFXじゃなくて「無知のまま始めること」——これは本当にそう思う。","FXって聞くと「危ない」ってなる気持ち、わかる。

ニュースで出てくるのって「FXで1000万溶かした」みたいな話ばかりだもんね。そりゃ怖い。

でも実際は「知識なしで大金を動かした人」の話で、少額から・仕組みを理解した上でやる人とは全然違う。

怖いのはFXじゃなくて「無知のまま始めること」——これは本当にそう思う。",pending,,,
144,2026-05-21,19:00,型A,"FXで「やってはいけない3つ」📌

①生活費に手をつける
→絶対にNG。失っていい余剰資金だけ

②損切りをしない
→含み損を抱えたまま放置は最悪のパターン

③レバレッジを最初から高くする
→最初は低レバレッジで感覚をつかむ

この3つを守るだけで「大損リスク」はかなり下がる。知識より先にルールを決めることが大事。保存して見返してね🙏","FXで「やってはいけない3つ」📌

①生活費に手をつける
→絶対にNG。失っていい余剰資金だけ

②損切りをしない
→含み損を抱えたまま放置は最悪のパターン

③レバレッジを最初から高くする
→最初は低レバレッジで感覚をつかむ

この3つを守るだけで「大損リスク」はかなり下がる。知識より先にルールを決めることが大事。保存して見返してね🙏",pending,,,
145,2026-05-21,21:00,型D,"副業を始めて最初の月、3,000円だった。

正直「こんなもんか」ってなった。時給換算したら100円以下。でも辞めなかった理由は「数字が0じゃなかったから」。

何かが動いた感覚があった。その感覚を信じてコツコツ続けた。

4年後の今、副業は月20万を超えてる。3,000円の自分に「続けろ、ちゃんと変わるから」って伝えたい。

あなたの今の副業収入、いくらですか？","副業を始めて最初の月、3,000円だった。

正直「こんなもんか」ってなった。時給換算したら100円以下。でも辞めなかった理由は「数字が0じゃなかったから」。

何かが動いた感覚があった。その感覚を信じてコツコツ続けた。

4年後の今、副業は月20万を超えてる。3,000円の自分に「続けろ、ちゃんと変わるから」って伝えたい。

あなたの今の副業収入、いくらですか？",pending,,,
146,2026-05-22,07:30,型C,"🔥CFD・ノックアウトオプションに興味ある人へ

FXTFなら1口座でこれが全部できる↓
✅ FX取引
✅ CFD（株価指数・商品など）
✅ ノックアウトオプション（KO）
✅ MT4対応・高約定力

「FXだけじゃなくて幅を広げたい」って人には選択肢になる口座だよ💡

▶ ren-money.com/blog/fxtf-review/
※アフィリエイト広告を含みます","🔥CFD・ノックアウトオプションに興味ある人へ

FXTFなら1口座でこれが全部できる↓
✅ FX取引
✅ CFD（株価指数・商品など）
✅ ノックアウトオプション（KO）
✅ MT4対応・高約定力

「FXだけじゃなくて幅を広げたい」って人には選択肢になる口座だよ💡

▶ ren-money.com/blog/fxtf-review/
※アフィリエイト広告を含みます",pending,,,
147,2026-05-22,12:00,型B,"「副業やろう」と思って何もしないまま1年経つ感じ、ある。

調べる→迷う→疲れる→また調べる→また迷う。この無限ループ。

僕も28歳のときそうだった。結局動いたのは「とりあえず口座だけ作ってみよう」って思ったとき。

ゼロから1にする一歩が一番重い。でも一番大事。同じ感じで悩んでる人いる？","「副業やろう」と思って何もしないまま1年経つ感じ、ある。

調べる→迷う→疲れる→また調べる→また迷う。この無限ループ。

僕も28歳のときそうだった。結局動いたのは「とりあえず口座だけ作ってみよう」って思ったとき。

ゼロから1にする一歩が一番重い。でも一番大事。同じ感じで悩んでる人いる？",pending,,,
148,2026-05-22,19:00,型A,"FXを副業にするなら知っておくべき税金のこと📌

①FXの利益は「雑所得」
②税率は一律20.315%（申告分離課税）
③年間20万円超えたら確定申告が必要
④損失は翌年3年間繰越できる
⑤経費として勉強代・書籍代も計上できる場合がある

税金を知らないと「稼いだつもりが実は赤字」もある。始める前に把握しておこう。保存推奨🙏","FXを副業にするなら知っておくべき税金のこと📌

①FXの利益は「雑所得」
②税率は一律20.315%（申告分離課税）
③年間20万円超えたら確定申告が必要
④損失は翌年3年間繰越できる
⑤経費として勉強代・書籍代も計上できる場合がある

税金を知らないと「稼いだつもりが実は赤字」もある。始める前に把握しておこう。保存推奨🙏",pending,,,
149,2026-05-22,21:00,型D,"SE（システムエンジニア）として働きながら、副業をやってる。

本業は残業も多い。帰ったら22時なんてざら。それでも続けられた理由は「このままでいたくない」って気持ちだった。

最初は週1時間だけ。ブログを書いて、FXを少額で試して、コツコツ積み上げた。

今は副業が月20万になって、35歳FIREが現実的に見えてきた。忙しいを言い訳にしなくてよかった😌","SE（システムエンジニア）として働きながら、副業をやってる。

本業は残業も多い。帰ったら22時なんてざら。それでも続けられた理由は「このままでいたくない」って気持ちだった。

最初は週1時間だけ。ブログを書いて、FXを少額で試して、コツコツ積み上げた。

今は副業が月20万になって、35歳FIREが現実的に見えてきた。忙しいを言い訳にしなくてよかった😌",pending,,,
150,2026-05-23,07:30,型C,"🔥DMM FX、初心者に支持される理由がわかった

アプリがとにかく使いやすい。チャート・注文・履歴確認がワンタップで完結する。

さらに↓
✅ スプレッド0.2銭（コスト最小）
✅ 口座開設最短1日
✅ 24時間サポートで質問できる

スマホで隙間時間にFXやりたい人には特に向いてると思う💡

▶ ren-money.com/blog/dmm-fx-review/
※アフィリエイト広告を含みます","🔥DMM FX、初心者に支持される理由がわかった

アプリがとにかく使いやすい。チャート・注文・履歴確認がワンタップで完結する。

さらに↓
✅ スプレッド0.2銭（コスト最小）
✅ 口座開設最短1日
✅ 24時間サポートで質問できる

スマホで隙間時間にFXやりたい人には特に向いてると思う💡

▶ ren-money.com/blog/dmm-fx-review/
※アフィリエイト広告を含みます",pending,,,
151,2026-05-23,12:00,型B,"「投資は余裕ある人がやるもの」って思ってた時期、長かった。

手取り23万・借金あり・余裕ゼロの僕には関係ない話だと思ってた。

でも勉強したら全然違った。少額から始められるし、むしろお金がない人こそ「お金の知識」が必要だった。

当時の自分に「それ、逃げてるだけだよ」って言いたい笑。同じこと思ってた人、いる？","「投資は余裕ある人がやるもの」って思ってた時期、長かった。

手取り23万・借金あり・余裕ゼロの僕には関係ない話だと思ってた。

でも勉強したら全然違った。少額から始められるし、むしろお金がない人こそ「お金の知識」が必要だった。

当時の自分に「それ、逃げてるだけだよ」って言いたい笑。同じこと思ってた人、いる？",pending,,,
152,2026-05-23,19:00,型A,"自動売買（EA）をFXで使いたい人へ📌

EAを使うなら口座選びが超重要。チェックポイントはここ↓

①MT4に対応しているか
②約定力が高いか（スリッページが少ない）
③スプレッドが狭いか
④夜間でもサーバーが安定してるか

JFXはこの4つ全部クリア。2025年オリコン満足度No.1も納得の仕様。EAをこれから試したい人の参考になれば🙌

▶ ren-money.com/blog/jfx-review/
※アフィリエイト広告を含みます","自動売買（EA）をFXで使いたい人へ📌

EAを使うなら口座選びが超重要。チェックポイントはここ↓

①MT4に対応しているか
②約定力が高いか（スリッページが少ない）
③スプレッドが狭いか
④夜間でもサーバーが安定してるか

JFXはこの4つ全部クリア。2025年オリコン満足度No.1も納得の仕様。EAをこれから試したい人の参考になれば🙌

▶ ren-money.com/blog/jfx-review/
※アフィリエイト広告を含みます",pending,,,
153,2026-05-23,21:00,型D,"資産500万を貯めるまで、何を一番やったか聞かれたら「入金力を上げること」って答える。

投資の利回りより、副業で収入を増やす方が最初は効果が大きかった。

月3,000円の副業が月20万になったから今がある。投資はその後から本番になった感じ。

「何から始めるか」で悩んでる人、まずは収入の柱を一本増やすことを考えてみて。細かい話はまたするね🙏","資産500万を貯めるまで、何を一番やったか聞かれたら「入金力を上げること」って答える。

投資の利回りより、副業で収入を増やす方が最初は効果が大きかった。

月3,000円の副業が月20万になったから今がある。投資はその後から本番になった感じ。

「何から始めるか」で悩んでる人、まずは収入の柱を一本増やすことを考えてみて。細かい話はまたするね🙏",pending,,,
154,2026-05-24,07:30,型C,"🔥今週まとめ：FX口座選びのポイント

✅ 初心者・スマホ派 → DMM FX（口座数No.1・スプレッド0.2銭）
✅ MT4・自動売買派 → JFX（約定力最高水準・満足度No.1）
✅ CFD・KOもやりたい → FXTF（1口座でFX+CFD+KO）

目的によって最適解は違う。まず自分がどれか確認してみて💡

▶ DMM FX: ren-money.com/blog/dmm-fx-review/
※アフィリエイト広告を含みます","🔥今週まとめ：FX口座選びのポイント

✅ 初心者・スマホ派 → DMM FX（口座数No.1・スプレッド0.2銭）
✅ MT4・自動売買派 → JFX（約定力最高水準・満足度No.1）
✅ CFD・KOもやりたい → FXTF（1口座でFX+CFD+KO）

目的によって最適解は違う。まず自分がどれか確認してみて💡

▶ DMM FX: ren-money.com/blog/dmm-fx-review/
※アフィリエイト広告を含みます",pending,,,
155,2026-05-24,12:00,型B,"「35歳でFIREなんて無理」って言われたこと、ある。

夢見すぎ・現実見ろ・そんな甘くない。全部言われた笑

でもその人たちは計画も見てないし、数字も知らない。感情で否定してるだけ。

否定されるのが嫌で黙ってた時期もあったけど、今はXで発信してる。同じ目標持ってる人と繋がりたいから。あなたのFIRE目標、いつですか？","「35歳でFIREなんて無理」って言われたこと、ある。

夢見すぎ・現実見ろ・そんな甘くない。全部言われた笑

でもその人たちは計画も見てないし、数字も知らない。感情で否定してるだけ。

否定されるのが嫌で黙ってた時期もあったけど、今はXで発信してる。同じ目標持ってる人と繋がりたいから。あなたのFIRE目標、いつですか？",pending,,,
156,2026-05-24,19:00,型A,"海外行く人、エポスカードを財布に入れておいて損はない📌

理由はここ↓
①年会費永久無料（コストゼロ）
②海外旅行保険が自動付帯（最大500万円）
③使い続けるとゴールドカードに招待される
④ゴールドになれば年会費も無料のまま継続できる

「とりあえず1枚持っておく」の選択肢としてかなり優秀。旅行前に作るのがベスト🙌

▶ ren-money.com/blog/epos-card-review/
※アフィリエイト広告を含みます","海外行く人、エポスカードを財布に入れておいて損はない📌

理由はここ↓
①年会費永久無料（コストゼロ）
②海外旅行保険が自動付帯（最大500万円）
③使い続けるとゴールドカードに招待される
④ゴールドになれば年会費も無料のまま継続できる

「とりあえず1枚持っておく」の選択肢としてかなり優秀。旅行前に作るのがベスト🙌

▶ ren-money.com/blog/epos-card-review/
※アフィリエイト広告を含みます",pending,,,
157,2026-05-24,21:00,型D,"7日間FXについて発信してきた。

僕がFXを始めたのは借金返済のためだった。でも今は「選択肢を増やすため」にやってる。

仕事を辞める自由・嫌な案件を断る自由・好きな場所に住む自由。お金って結局、自由に直結してると思う。

35歳FIREまであと3年。引き続き発信するからフォローしてくれると嬉しいです。来週もよろしく🙏

▶ ren-money.com/blog/dmm-fx-review/
※アフィリエイト広告を含みます","7日間FXについて発信してきた。

僕がFXを始めたのは借金返済のためだった。でも今は「選択肢を増やすため」にやってる。

仕事を辞める自由・嫌な案件を断る自由・好きな場所に住む自由。お金って結局、自由に直結してると思う。

35歳FIREまであと3年。引き続き発信するからフォローしてくれると嬉しいです。来週もよろしく🙏

▶ ren-money.com/blog/dmm-fx-review/
※アフィリエイト広告を含みます",pending,,,
158,2026-05-25,07:30,型C,"副業で収入が増えた年、確定申告を後回しにしてたら住民税の通知で会社にバレそうになった話、ブログに書いてます📝

「20万以下なら申告不要」って思ってる人、住民税は別ルールだから要注意です。

整理した記事はこちら▶ ren-money.com/blog/fukugyo-kakuteishinkoku-guide/","副業で収入が増えた年、確定申告を後回しにしてたら住民税の通知で会社にバレそうになった話、ブログに書いてます📝

「20万以下なら申告不要」って思ってる人、住民税は別ルールだから要注意です。

整理した記事はこちら▶ ren-money.com/blog/fukugyo-kakuteishinkoku-guide/",pending,,,
159,2026-05-25,12:00,型B,"副業始めた年の確定申告、正直ぜんぶわからなかった😅

・経費ってどこまで認められるの
・医療費控除と副業って一緒に出せるの
・住民税の「普通徴収」ってなに

これ最初に誰かに教えてほしかったやつ。
ひとつずつ整理していくと意外と難しくないです。","副業始めた年の確定申告、正直ぜんぶわからなかった😅

・経費ってどこまで認められるの
・医療費控除と副業って一緒に出せるの
・住民税の「普通徴収」ってなに

これ最初に誰かに教えてほしかったやつ。
ひとつずつ整理していくと意外と難しくないです。",pending,,,
160,2026-05-25,19:00,型A,"副業の確定申告、迷いやすいポイントを整理🗒

──────────────
申告が必要になる目安
・給与以外の所得が年20万円超
・住民税は金額に関係なく申告推奨
──────────────
経費になりやすいもの
✅ 書籍・セミナー代
✅ 通信費（副業分）
✅ 作業用のPC・周辺機器（按分）
──────────────

迷ったら税務署の無料相談が一番早いです。","副業の確定申告、迷いやすいポイントを整理🗒

──────────────
申告が必要になる目安
・給与以外の所得が年20万円超
・住民税は金額に関係なく申告推奨
──────────────
経費になりやすいもの
✅ 書籍・セミナー代
✅ 通信費（副業分）
✅ 作業用のPC・周辺機器（按分）
──────────────

迷ったら税務署の無料相談が一番早いです。",pending,,,
161,2026-05-25,21:00,型D,"28歳で副業を始めた年、確定申告をサボったら翌年の住民税が激増して意味わからなかった😇

調べたら副業分が合算されてた。
「会社の年末調整で終わり」じゃないってそのとき初めて知った。

今は毎年2月になる前に帳簿を確認する習慣ができた。めんどくさいけど、知らないで損するよりずっとマシです。","28歳で副業を始めた年、確定申告をサボったら翌年の住民税が激増して意味わからなかった😇

調べたら副業分が合算されてた。
「会社の年末調整で終わり」じゃないってそのとき初めて知った。

今は毎年2月になる前に帳簿を確認する習慣ができた。めんどくさいけど、知らないで損するよりずっとマシです。",pending,,,
162,2026-05-26,07:30,型C,"FXの利益、確定申告のやり方をまだ調べてない人へ📋

FXは「申告分離課税」で税率は一律20.315%。
給与所得とは別に計算するから、副業と組み合わせると少し複雑になります。

整理した記事を置いておきます▶ ren-money.com/blog/fx-kouza-hikaku/","FXの利益、確定申告のやり方をまだ調べてない人へ📋

FXは「申告分離課税」で税率は一律20.315%。
給与所得とは別に計算するから、副業と組み合わせると少し複雑になります。

整理した記事を置いておきます▶ ren-money.com/blog/fx-kouza-hikaku/",pending,,,
163,2026-05-26,12:00,型B,"FXで利益が出たとき、一番焦ったのが税金の計算方法がわからないことだった🫠

「雑所得？申告分離課税？損益通算？」
はじめて聞く言葉ばかりで、稼いだ実感より先に不安が来た。

FXを始める前に税金の仕組みだけ先に確認しておくと、だいぶ気が楽になります。","FXで利益が出たとき、一番焦ったのが税金の計算方法がわからないことだった🫠

「雑所得？申告分離課税？損益通算？」
はじめて聞く言葉ばかりで、稼いだ実感より先に不安が来た。

FXを始める前に税金の仕組みだけ先に確認しておくと、だいぶ気が楽になります。",pending,,,
164,2026-05-26,19:00,型A,"FXの税金、基本の3点セット📌

──────────────
① 課税方式
→ 申告分離課税・税率20.315%
（所得が増えても税率は変わらない）

② 損益通算
→ FX同士の損益は合算できる
→ 株や仮想通貨とは通算不可

③ 繰越控除
→ 損失は翌年から3年間繰越せる
（申告した年だけ有効）
──────────────

最初にここだけ押さえると判断が楽になります🗒","FXの税金、基本の3点セット📌

──────────────
① 課税方式
→ 申告分離課税・税率20.315%
（所得が増えても税率は変わらない）

② 損益通算
→ FX同士の損益は合算できる
→ 株や仮想通貨とは通算不可

③ 繰越控除
→ 損失は翌年から3年間繰越せる
（申告した年だけ有効）
──────────────

最初にここだけ押さえると判断が楽になります🗒",pending,,,
165,2026-05-26,21:00,型D,"FXで初めて利益を出した年、確定申告の直前まで「どこに何を書けばいいか」を理解してなかった😅

結局、証券会社の年間損益報告書を見ながらe-Taxで入力する、それだけだった。

怖いのは最初だけ。仕組みを知った後は毎年30分もかからない。
知識のなさで損をしないほうがいいです。","FXで初めて利益を出した年、確定申告の直前まで「どこに何を書けばいいか」を理解してなかった😅

結局、証券会社の年間損益報告書を見ながらe-Taxで入力する、それだけだった。

怖いのは最初だけ。仕組みを知った後は毎年30分もかからない。
知識のなさで損をしないほうがいいです。",pending,,,
166,2026-05-27,07:30,型C,"「副業収入があるけど確定申告の手順がわからない」という声をよくもらいます📩

住民税の処理を会社側の特別徴収にしてしまうと、副業がバレるリスクがある。

普通徴収への切り替え方法も含めてまとめた記事を置いておきます▶ ren-money.com/blog/fukugyo-kakuteishinkoku-guide/","「副業収入があるけど確定申告の手順がわからない」という声をよくもらいます📩

住民税の処理を会社側の特別徴収にしてしまうと、副業がバレるリスクがある。

普通徴収への切り替え方法も含めてまとめた記事を置いておきます▶ ren-money.com/blog/fukugyo-kakuteishinkoku-guide/",pending,,,
167,2026-05-27,12:00,型B,"「FXって確定申告いるの？」って聞いたとき、「年20万以下なら不要」って返ってきたんだけど、それは所得税の話であって住民税は別ルールなんだよね😮

最初に誤った情報で動くと、翌年の住民税通知で青ざめる。

副業でもFXでも、まず税金の基本だけ先に整理しておくのが正解だと思う。","「FXって確定申告いるの？」って聞いたとき、「年20万以下なら不要」って返ってきたんだけど、それは所得税の話であって住民税は別ルールなんだよね😮

最初に誤った情報で動くと、翌年の住民税通知で青ざめる。

副業でもFXでも、まず税金の基本だけ先に整理しておくのが正解だと思う。",pending,,,
168,2026-05-27,19:00,型A,"副業・FX、税金でやりがちなミス一覧📋

──────────────
❌ 20万以下だから申告しなかった
→ 住民税は別！市区町村への申告が必要

❌ 経費を何も計上しなかった
→ 書籍・通信費・PC代など認められるものがある

❌ FXの損失を放置した
→ 申告すれば翌年から3年繰越せる

❌ 年間取引報告書を捨てた
→ 5年は保管しておく
──────────────

知ってるかどうかで数万円変わることもあります🗒","副業・FX、税金でやりがちなミス一覧📋

──────────────
❌ 20万以下だから申告しなかった
→ 住民税は別！市区町村への申告が必要

❌ 経費を何も計上しなかった
→ 書籍・通信費・PC代など認められるものがある

❌ FXの損失を放置した
→ 申告すれば翌年から3年繰越せる

❌ 年間取引報告書を捨てた
→ 5年は保管しておく
──────────────

知ってるかどうかで数万円変わることもあります🗒",pending,,,
169,2026-05-27,21:00,型D,"副業収入が増えてきた年に、住民税を会社の給与と合算で特別徴収にしてしまった。

上司に「住民税高くない？」って言われたとき、心臓止まりかけた😇

翌年から住民税は「普通徴収」に切り替えて、自分で払う形にした。
めんどうに感じるけど、それが一番リスクが少ない。知らなかっただけで損してた。","副業収入が増えてきた年に、住民税を会社の給与と合算で特別徴収にしてしまった。

上司に「住民税高くない？」って言われたとき、心臓止まりかけた😇

翌年から住民税は「普通徴収」に切り替えて、自分で払う形にした。
めんどうに感じるけど、それが一番リスクが少ない。知らなかっただけで損してた。",pending,,,
170,2026-05-28,07:30,型C,"iDeCoって節税になるって聞くけど、副業や会社員の場合にどう使えるか整理できてる人は少ない印象📝

掛金が全額所得控除になる仕組みは、税率が高い人ほど効果が大きいです。

基本の整理記事を置いておきます▶ ren-money.com/blog/ideco-shoshinsha-guide/","iDeCoって節税になるって聞くけど、副業や会社員の場合にどう使えるか整理できてる人は少ない印象📝

掛金が全額所得控除になる仕組みは、税率が高い人ほど効果が大きいです。

基本の整理記事を置いておきます▶ ren-money.com/blog/ideco-shoshinsha-guide/",pending,,,
171,2026-05-28,12:00,型B,"iDeCoって「老後のため」って感覚で後回しにしてたけど、節税として見ると今すぐ始めた方がいいやつだった😮

掛金が全額所得控除になるから、今年の税金が減る。

「将来のためにお金を積む」より「今の税金を減らしながら将来に備える」って考え方にしたら、動けるようになった。","iDeCoって「老後のため」って感覚で後回しにしてたけど、節税として見ると今すぐ始めた方がいいやつだった😮

掛金が全額所得控除になるから、今年の税金が減る。

「将来のためにお金を積む」より「今の税金を減らしながら将来に備える」って考え方にしたら、動けるようになった。",pending,,,
172,2026-05-28,19:00,型A,"iDeCoの節税効果、年収別でざっくり整理🗒

──────────────
掛金2万円/月（年24万円）を拠出した場合

年収400万円（税率20%）→ 節税約4.8万円/年
年収600万円（税率20%）→ 節税約4.8万円/年
年収800万円（税率30%）→ 節税約7.2万円/年
──────────────
※所得税＋住民税の合計。概算です

収入が高いほど効果が大きくなる仕組み。
使わない理由がないとも言える。","iDeCoの節税効果、年収別でざっくり整理🗒

──────────────
掛金2万円/月（年24万円）を拠出した場合

年収400万円（税率20%）→ 節税約4.8万円/年
年収600万円（税率20%）→ 節税約4.8万円/年
年収800万円（税率30%）→ 節税約7.2万円/年
──────────────
※所得税＋住民税の合計。概算です

収入が高いほど効果が大きくなる仕組み。
使わない理由がないとも言える。",pending,,,
173,2026-05-28,21:00,型D,"30歳で借金を完済したあと、「次は税金を減らしながら資産を積む」って考えるようになった📝

そこで最初に動いたのがiDeCo。
掛金が全額控除になるから、翌年の確定申告で所得税が戻ってきた。

「節税しながら積める」ってわかってから、投資に対するハードルが下がった気がする。知ってるかどうかって本当に大きい。","30歳で借金を完済したあと、「次は税金を減らしながら資産を積む」って考えるようになった📝

そこで最初に動いたのがiDeCo。
掛金が全額控除になるから、翌年の確定申告で所得税が戻ってきた。

「節税しながら積める」ってわかってから、投資に対するハードルが下がった気がする。知ってるかどうかって本当に大きい。",pending,,,
174,2026-05-29,07:30,型C,"FX口座、どれを選べばいいか迷ってる人へ📋

初心者・MT4ユーザー・スワップ重視で選ぶ軸が違います。
「とりあえずDMM FX」が初心者に選ばれやすい理由もまとめてあります。

比較記事を置いておきます▶ ren-money.com/blog/fx-kouza-hikaku/","FX口座、どれを選べばいいか迷ってる人へ📋

初心者・MT4ユーザー・スワップ重視で選ぶ軸が違います。
「とりあえずDMM FX」が初心者に選ばれやすい理由もまとめてあります。

比較記事を置いておきます▶ ren-money.com/blog/fx-kouza-hikaku/",pending,,,
175,2026-05-29,12:00,型B,"FX口座を開こうとしたとき、選択肢が多すぎて最初の一歩が踏み出せなかった😅

「どこも似たようなこと書いてあるし、どこが違うのかわからない」って感じ。

結局、スプレッドと初心者サポートの厚さで選んだ。
たくさん比べるより、まず軸を決めると選びやすくなります。","FX口座を開こうとしたとき、選択肢が多すぎて最初の一歩が踏み出せなかった😅

「どこも似たようなこと書いてあるし、どこが違うのかわからない」って感じ。

結局、スプレッドと初心者サポートの厚さで選んだ。
たくさん比べるより、まず軸を決めると選びやすくなります。",pending,,,
176,2026-05-29,19:00,型A,"FX口座の選び方、3つの軸で整理📌

──────────────
① 初心者・スマホ取引重視
→ DMM FX（スプレッド0.2銭・24時間サポート）

② MT4・約定力重視
→ JFX（2025年顧客満足度No.1）

③ CFD・多機能重視
→ FXTF（FX+CFD+KOを一口座）
──────────────

何を重視するかを先に決めると選びやすいです🗒
詳細はブログで▶ ren-money.com/blog/fx-kouza-hikaku/","FX口座の選び方、3つの軸で整理📌

──────────────
① 初心者・スマホ取引重視
→ DMM FX（スプレッド0.2銭・24時間サポート）

② MT4・約定力重視
→ JFX（2025年顧客満足度No.1）

③ CFD・多機能重視
→ FXTF（FX+CFD+KOを一口座）
──────────────

何を重視するかを先に決めると選びやすいです🗒
詳細はブログで▶ ren-money.com/blog/fx-kouza-hikaku/",pending,,,
177,2026-05-29,21:00,型D,"FXを始めた最初の口座、正直なんとなくで選んだ😅

後から知ったのが「スプレッドが広い口座で練習してた」ってこと。
少額トレードでも積み重ねると地味に差が出る。

今は用途で口座を分けてる。
初心者ならまずスプレッドと使いやすさで選ぶのが無難だと思う。
▶ ren-money.com/blog/dmm-fx-review/","FXを始めた最初の口座、正直なんとなくで選んだ😅

後から知ったのが「スプレッドが広い口座で練習してた」ってこと。
少額トレードでも積み重ねると地味に差が出る。

今は用途で口座を分けてる。
初心者ならまずスプレッドと使いやすさで選ぶのが無難だと思う。
▶ ren-money.com/blog/dmm-fx-review/",pending,,,
178,2026-05-30,07:30,型C,"海外旅行に行くとき、旅行保険のためだけにカードを持っておく選択肢があります🌏

エポスカードは年会費永久無料で海外旅行保険500万円が自動付帯。
「保険のためだけに持つ」コスパが高いカードです。

レビュー記事を置いておきます▶ ren-money.com/blog/epos-card-review/","海外旅行に行くとき、旅行保険のためだけにカードを持っておく選択肢があります🌏

エポスカードは年会費永久無料で海外旅行保険500万円が自動付帯。
「保険のためだけに持つ」コスパが高いカードです。

レビュー記事を置いておきます▶ ren-money.com/blog/epos-card-review/",pending,,,
179,2026-05-30,12:00,型B,"海外に行く前にクレカの旅行保険を確認しようとして、「そもそも自分のカードに保険がついてるか知らない」ってなった人、わりといると思う😅

年会費無料のカードでも海外旅行保険がついてるものはある。

「どうせ無料カードだから保険ないでしょ」って思い込んでた自分、もったいなかったです。","海外に行く前にクレカの旅行保険を確認しようとして、「そもそも自分のカードに保険がついてるか知らない」ってなった人、わりといると思う😅

年会費無料のカードでも海外旅行保険がついてるものはある。

「どうせ無料カードだから保険ないでしょ」って思い込んでた自分、もったいなかったです。",pending,,,
180,2026-05-30,19:00,型A,"年会費無料カードで旅行保険が充実しているもの、整理📋

──────────────
エポスカード
✅ 年会費：永久無料
✅ 海外旅行保険：最高500万円（自動付帯）
✅ ゴールド招待あり（条件達成で無料昇格）
──────────────

「サブカードとして一枚持っておく」用途にちょうどいい。
旅行前に持っておくだけで保険がつく仕組みです🗒
▶ ren-money.com/blog/epos-card-review/","年会費無料カードで旅行保険が充実しているもの、整理📋

──────────────
エポスカード
✅ 年会費：永久無料
✅ 海外旅行保険：最高500万円（自動付帯）
✅ ゴールド招待あり（条件達成で無料昇格）
──────────────

「サブカードとして一枚持っておく」用途にちょうどいい。
旅行前に持っておくだけで保険がつく仕組みです🗒
▶ ren-money.com/blog/epos-card-review/",pending,,,
181,2026-05-30,21:00,型D,"海外旅行のとき、クレカの旅行保険で助かった経験がある。
現地で急に体調を崩して、病院代がそのままカード保険でカバーされた😮

そのとき持ってたのがエポスカード。年会費無料なのに保険がちゃんとついてた。

「どうせ無料だから」って思って確認してなかったけど、知ってたことで本当に助かった。
▶ ren-money.com/blog/epos-card-review/","海外旅行のとき、クレカの旅行保険で助かった経験がある。
現地で急に体調を崩して、病院代がそのままカード保険でカバーされた😮

そのとき持ってたのがエポスカード。年会費無料なのに保険がちゃんとついてた。

「どうせ無料だから」って思って確認してなかったけど、知ってたことで本当に助かった。
▶ ren-money.com/blog/epos-card-review/",pending,,,
182,2026-05-31,07:30,型C,"今週のまとめを置いておきます📝

副業・FX・iDeCo、それぞれの確定申告の扱いが違います。
まず「自分の収入パターンで何が必要か」を整理するのが先です。

詳しくはブログで▶ ren-money.com/blog/fukugyo-kakuteishinkoku-guide/","今週のまとめを置いておきます📝

副業・FX・iDeCo、それぞれの確定申告の扱いが違います。
まず「自分の収入パターンで何が必要か」を整理するのが先です。

詳しくはブログで▶ ren-money.com/blog/fukugyo-kakuteishinkoku-guide/",pending,,,
183,2026-05-31,12:00,型B,"税金って「難しいから後回し」にしてたけど、後回しにするほど損が積み重なるやつだった🫠

住民税のバレ問題、FXの繰越控除、iDeCoの所得控除。
ぜんぶ、知ってるかどうかだけで数万円変わる話。

「難しそう」で止まるより、ひとつずつ確認した方が絶対いいです。","税金って「難しいから後回し」にしてたけど、後回しにするほど損が積み重なるやつだった🫠

住民税のバレ問題、FXの繰越控除、iDeCoの所得控除。
ぜんぶ、知ってるかどうかだけで数万円変わる話。

「難しそう」で止まるより、ひとつずつ確認した方が絶対いいです。",pending,,,
184,2026-05-31,19:00,型A,"今週確認しておきたい税金チェックリスト🗒

──────────────
副業がある人
□ 所得20万超なら確定申告が必要
□ 住民税は金額関係なく申告推奨
□ 普通徴収に切り替えたか

FXをやっている人
□ 年間損益報告書を保管しているか
□ 損失は3年繰越申告をしたか

iDeCoを検討中の人
□ 掛金が全額所得控除になる仕組みを確認したか
──────────────

ひとつでも「まだ」があれば早めに動くのが正解🗒","今週確認しておきたい税金チェックリスト🗒

──────────────
副業がある人
□ 所得20万超なら確定申告が必要
□ 住民税は金額関係なく申告推奨
□ 普通徴収に切り替えたか

FXをやっている人
□ 年間損益報告書を保管しているか
□ 損失は3年繰越申告をしたか

iDeCoを検討中の人
□ 掛金が全額所得控除になる仕組みを確認したか
──────────────

ひとつでも「まだ」があれば早めに動くのが正解🗒",pending,,,
185,2026-05-31,21:00,型D,"借金200万を抱えていた25歳のころ、税金のことを何も知らなかった😅

副業を始めて、確定申告を覚えて、iDeCoで節税して。
ひとつずつ知識が積み重なるたびに、お金の動かし方が変わっていった。

難しくても、後回しにするほど損する仕組みになってる。
今週のまとめ、ブログに置いてあります▶ ren-money.com/blog/fukugyo-kakuteishinkoku-guide/","借金200万を抱えていた25歳のころ、税金のことを何も知らなかった😅

副業を始めて、確定申告を覚えて、iDeCoで節税して。
ひとつずつ知識が積み重なるたびに、お金の動かし方が変わっていった。

難しくても、後回しにするほど損する仕組みになってる。
今週のまとめ、ブログに置いてあります▶ ren-money.com/blog/fukugyo-kakuteishinkoku-guide/",pending,,,
186,2026-05-18,07:30,型C,"FXって何から始めればいいかわからない、って人に正直に言うと、まず口座を比較することだと思う。

使う前に調べる人と、適当に開設してから後悔する人で、スタートラインが全然違う。

俺がまとめた比較記事、よかったら参考にしてみて。
▶ ren-money.com/blog/fx-kouza-hikaku/","FXって何から始めればいいかわからない、って人に正直に言うと、まず口座を比較することだと思う。

使う前に調べる人と、適当に開設してから後悔する人で、スタートラインが全然違う。

俺がまとめた比較記事、よかったら参考にしてみて。
▶ ren-money.com/blog/fx-kouza-hikaku/",pending,,,
187,2026-05-18,12:00,型B,"FX始めたいけど怖い、って気持ちめっちゃわかる。

俺も最初は「損したらどうしよう」しか頭になくて、口座開くまでに3ヶ月くらいかかった。

意外と少額から試せるし、まず動いてみて判断するほうが早かったって今は思う。","FX始めたいけど怖い、って気持ちめっちゃわかる。

俺も最初は「損したらどうしよう」しか頭になくて、口座開くまでに3ヶ月くらいかかった。

意外と少額から試せるし、まず動いてみて判断するほうが早かったって今は思う。",pending,,,
188,2026-05-18,19:00,型A,"FX初心者が口座選ぶときに見るべき3つ、正直これだけでいいと思う。

スプレッドの狭さ、サポートの手厚さ、スマホアプリの使いやすさ。

DMM FXはこの3つ全部そろってて、実際に口座数400万超えてるのはダテじゃないかなって。
▶ ren-money.com/blog/dmm-fx-review/ #FX初心者","FX初心者が口座選ぶときに見るべき3つ、正直これだけでいいと思う。

スプレッドの狭さ、サポートの手厚さ、スマホアプリの使いやすさ。

DMM FXはこの3つ全部そろってて、実際に口座数400万超えてるのはダテじゃないかなって。
▶ ren-money.com/blog/dmm-fx-review/ #FX初心者",pending,,,
189,2026-05-18,21:00,型D,"28歳でFXを始めたとき、最初の1ヶ月は本当にひどかった。

スプレッドって何、ロットって何、みたいな状態でなぜか入金して取引して、普通に損した。

仕組みを理解してから変わった。少額で練習する意味が、やっと腑に落ちた感じ。

焦って大きく動かす必要、全然なかったんだよね。","28歳でFXを始めたとき、最初の1ヶ月は本当にひどかった。

スプレッドって何、ロットって何、みたいな状態でなぜか入金して取引して、普通に損した。

仕組みを理解してから変わった。少額で練習する意味が、やっと腑に落ちた感じ。

焦って大きく動かす必要、全然なかったんだよね。",pending,,,
190,2026-05-19,07:30,型C,"FX口座って正直どれも同じでしょ、って思ってる人、めっちゃ多いと思う。

実はスプレッドで年間の取引コストが数万変わるケースがある。

比べてから決めるだけで全然違う。俺のブログで整理してるから見てみて。
▶ ren-money.com/blog/fx-kouza-hikaku/ #FX口座","FX口座って正直どれも同じでしょ、って思ってる人、めっちゃ多いと思う。

実はスプレッドで年間の取引コストが数万変わるケースがある。

比べてから決めるだけで全然違う。俺のブログで整理してるから見てみて。
▶ ren-money.com/blog/fx-kouza-hikaku/ #FX口座",pending,,,
191,2026-05-19,12:00,型B,"少額でFX始めるのって意味あるの？って思う気持ち、わかる。

でも俺は最初1万円から試してみて、それで仕組みを体で覚えた感覚があった。

「どうせ増えない」じゃなくて、練習コースとして使うのが正解なんじゃないかなって今は思う。","少額でFX始めるのって意味あるの？って思う気持ち、わかる。

でも俺は最初1万円から試してみて、それで仕組みを体で覚えた感覚があった。

「どうせ増えない」じゃなくて、練習コースとして使うのが正解なんじゃないかなって今は思う。",pending,,,
192,2026-05-19,19:00,型A,"FX口座を比較するとき、スプレッドだけ見てる人が多いけど、約定力も地味に大事。

JFXは2025年のオリコン顧客満足度でFX総合No.1で、約定力が業界トップ水準らしい。

MT4使いたい人やちゃんとしたツールで取引したい人には向いてると思う。
▶ ren-money.com/blog/jfx-review/ #FX","FX口座を比較するとき、スプレッドだけ見てる人が多いけど、約定力も地味に大事。

JFXは2025年のオリコン顧客満足度でFX総合No.1で、約定力が業界トップ水準らしい。

MT4使いたい人やちゃんとしたツールで取引したい人には向いてると思う。
▶ ren-money.com/blog/jfx-review/ #FX",pending,,,
193,2026-05-19,21:00,型HENSHIN,"25歳のとき、借金が200万あった。

「とりあえず今月乗り切る」を繰り返してたら、気づいたらそうなってた。副業とか投資とか、自分には関係ない話だと思ってた。

転換点は28歳でFXの仕組みをちゃんと勉強したこと。一発逆転じゃなくて、コツコツ月5万を積み上げる方法に切り替えた。

今は借金ゼロで資産500万弱。あの頃の自分を責めない。知らなかっただけだから。","25歳のとき、借金が200万あった。

「とりあえず今月乗り切る」を繰り返してたら、気づいたらそうなってた。副業とか投資とか、自分には関係ない話だと思ってた。

転換点は28歳でFXの仕組みをちゃんと勉強したこと。一発逆転じゃなくて、コツコツ月5万を積み上げる方法に切り替えた。

今は借金ゼロで資産500万弱。あの頃の自分を責めない。知らなかっただけだから。",pending,,,
194,2026-05-20,07:30,型C,"初心者がFXで失敗するパターン、ほぼ決まってると思う。

口座を適当に選ぶ、仕組みを理解しないで入金する、この2つ。

順番を間違えなければ、かなり回避できる。詳しくまとめたのでよかったら。
▶ ren-money.com/blog/dmm-fx-review/ #FX初心者","初心者がFXで失敗するパターン、ほぼ決まってると思う。

口座を適当に選ぶ、仕組みを理解しないで入金する、この2つ。

順番を間違えなければ、かなり回避できる。詳しくまとめたのでよかったら。
▶ ren-money.com/blog/dmm-fx-review/ #FX初心者",pending,,,
195,2026-05-20,12:00,型B,"「FXって難しそう」って敬遠してる人、正直もったいないと思う。

俺も最初はそう思ってたけど、入門レベルの知識をつけてから見ると全然違う景色だった。

難しいじゃなくて、知らないだけ、なんだよね。最初の壁って意外と低い。","「FXって難しそう」って敬遠してる人、正直もったいないと思う。

俺も最初はそう思ってたけど、入門レベルの知識をつけてから見ると全然違う景色だった。

難しいじゃなくて、知らないだけ、なんだよね。最初の壁って意外と低い。",pending,,,
196,2026-05-20,19:00,型A,"FXとCFDを同時に使いたいなら、FXTFが個人的に面白いと思う。

FX口座1つでCFDもノックアウトオプションも使えて、MT4にも対応してる。

「FXだけじゃなくて幅を広げたい」って人には向いてるかもしれない。
▶ ren-money.com/blog/fxtf-review/ #FX口座","FXとCFDを同時に使いたいなら、FXTFが個人的に面白いと思う。

FX口座1つでCFDもノックアウトオプションも使えて、MT4にも対応してる。

「FXだけじゃなくて幅を広げたい」って人には向いてるかもしれない。
▶ ren-money.com/blog/fxtf-review/ #FX口座",pending,,,
197,2026-05-20,21:00,型D,"FX始めたての頃、ロスカットを「損失確定させる悪いもの」だと思ってた。

でも実際は、それ以上損を広げないための仕組みなんだよね。

仕組みを誤解してたから最初はビビってただけで、理解してからは全然怖くなくなった。

知識って本当に大事だなって、痛い目見てから気づいた。","FX始めたての頃、ロスカットを「損失確定させる悪いもの」だと思ってた。

でも実際は、それ以上損を広げないための仕組みなんだよね。

仕組みを誤解してたから最初はビビってただけで、理解してからは全然怖くなくなった。

知識って本当に大事だなって、痛い目見てから気づいた。",pending,,,
198,2026-05-21,07:30,型C,"FX口座、最短1日で作れるって知ってる人、意外と少ない気がする。

DMM FXはスマホで完結するし、サポートも24時間対応だから、始めるハードルがかなり低い。

「まず口座だけ作ってみる」くらいの気持ちでいいと思う。
▶ ren-money.com/blog/dmm-fx-review/","FX口座、最短1日で作れるって知ってる人、意外と少ない気がする。

DMM FXはスマホで完結するし、サポートも24時間対応だから、始めるハードルがかなり低い。

「まず口座だけ作ってみる」くらいの気持ちでいいと思う。
▶ ren-money.com/blog/dmm-fx-review/",pending,,,
199,2026-05-21,12:00,型B,"「FXで損したらどうしよう」って人に聞きたいんだけど、損しない投資って存在すると思う？

俺は損することを怖がるより、損を小さく抑える方法を先に知っておくほうが大事だと思ってる。

順番が逆だったな、って最初に気づいてたらよかった。","「FXで損したらどうしよう」って人に聞きたいんだけど、損しない投資って存在すると思う？

俺は損することを怖がるより、損を小さく抑える方法を先に知っておくほうが大事だと思ってる。

順番が逆だったな、って最初に気づいてたらよかった。",pending,,,
200,2026-05-21,19:00,型A,"FX初心者向けに整理すると、スプレッドは狭いほど取引コストが安い。

DMM FXのドル円スプレッドは0.2銭で、初心者が最初に選ぶ基準として悪くないと思う。口座数400万超えてるのも、使い続けてる人が多い証拠かなって。

まずここから比較してみるといいと思う。
▶ ren-money.com/blog/dmm-fx-review/ #FXおすすめ","FX初心者向けに整理すると、スプレッドは狭いほど取引コストが安い。

DMM FXのドル円スプレッドは0.2銭で、初心者が最初に選ぶ基準として悪くないと思う。口座数400万超えてるのも、使い続けてる人が多い証拠かなって。

まずここから比較してみるといいと思う。
▶ ren-money.com/blog/dmm-fx-review/ #FXおすすめ",pending,,,
201,2026-05-21,21:00,型HENSHIN,"30歳で借金を完済したとき、正直実感がなかった。

28歳から副業でFXを始めて、最初の3ヶ月は全然うまくいかなかった。仕組みを理解して、月5万くらい安定して出るようになったのが転換点だったと思う。

2年かけてコツコツやった結果、完済できた。

「一発逆転」じゃなくて、地道にやるほうが自分には合ってた。知るのが遅かったけど、気づけてよかった。","30歳で借金を完済したとき、正直実感がなかった。

28歳から副業でFXを始めて、最初の3ヶ月は全然うまくいかなかった。仕組みを理解して、月5万くらい安定して出るようになったのが転換点だったと思う。

2年かけてコツコツやった結果、完済できた。

「一発逆転」じゃなくて、地道にやるほうが自分には合ってた。知るのが遅かったけど、気づけてよかった。",pending,,,
202,2026-05-22,07:30,型C,"FXって結局どの口座がいいの？ってよく聞かれるけど、正直「何を重視するか」で全然変わる。

スプレッド重視なのか、ツール重視なのか、サポート重視なのか。

俺が使ってみた口座をまとめたので参考にしてみて。
▶ ren-money.com/blog/fx-kouza-hikaku/ #FX口座","FXって結局どの口座がいいの？ってよく聞かれるけど、正直「何を重視するか」で全然変わる。

スプレッド重視なのか、ツール重視なのか、サポート重視なのか。

俺が使ってみた口座をまとめたので参考にしてみて。
▶ ren-money.com/blog/fx-kouza-hikaku/ #FX口座",pending,,,
203,2026-05-22,12:00,型B,"FX口座を何となくで選んじゃった人、手を挙げて。

俺は「CMで見たから」って理由だけで最初の口座を決めて、スプレッドのことを全然考えてなかった。

後から計算したら、年間で結構な差が出てた。誰も教えてくれないんだよね、こういうこと。 #FX初心者","FX口座を何となくで選んじゃった人、手を挙げて。

俺は「CMで見たから」って理由だけで最初の口座を決めて、スプレッドのことを全然考えてなかった。

後から計算したら、年間で結構な差が出てた。誰も教えてくれないんだよね、こういうこと。 #FX初心者",pending,,,
204,2026-05-22,19:00,型A,"JFXはMT4で自動売買もやってみたい人に向いてると思う。

約定力が業界トップ水準って言われてて、2025年の顧客満足度でも評価されてる。

「ちゃんとしたプラットフォームで本格的にやりたい」って人は見てみる価値あると思う。
▶ ren-money.com/blog/jfx-review/ #FX","JFXはMT4で自動売買もやってみたい人に向いてると思う。

約定力が業界トップ水準って言われてて、2025年の顧客満足度でも評価されてる。

「ちゃんとしたプラットフォームで本格的にやりたい」って人は見てみる価値あると思う。
▶ ren-money.com/blog/jfx-review/ #FX",pending,,,
205,2026-05-22,21:00,型D,"最初にFXで損したとき、「やっぱり自分には無理だ」って思った。

でも原因を振り返ったら、仕組みを知らないまま取引してただけだった。

損は授業料、って言葉があるけど、ちゃんと学べてればもっと安く済んだと思う。

「失敗した」じゃなくて、「何がダメだったか」まで考えると全然違う。","最初にFXで損したとき、「やっぱり自分には無理だ」って思った。

でも原因を振り返ったら、仕組みを知らないまま取引してただけだった。

損は授業料、って言葉があるけど、ちゃんと学べてればもっと安く済んだと思う。

「失敗した」じゃなくて、「何がダメだったか」まで考えると全然違う。",pending,,,
206,2026-05-23,07:30,型C,"FXを少額から始めたいなら、まず口座だけ作っておくのがいいと思う。

作っただけで取引しなくていいし、デモトレードで練習してから入金するのが俺のおすすめ。

DMM FXはそのあたりの導線がわかりやすかった。
▶ ren-money.com/blog/dmm-fx-review/","FXを少額から始めたいなら、まず口座だけ作っておくのがいいと思う。

作っただけで取引しなくていいし、デモトレードで練習してから入金するのが俺のおすすめ。

DMM FXはそのあたりの導線がわかりやすかった。
▶ ren-money.com/blog/dmm-fx-review/",pending,,,
207,2026-05-23,12:00,型B,"「投資は怖い」って人の9割は、怖いんじゃなくてよく知らないんだと思う。

俺も32歳になるまでそうだった。知識がないと怖いし、怖いから動かない、の繰り返し。

最初の一歩がめちゃくちゃ小さくていいって、もっと早く知りたかったな。","「投資は怖い」って人の9割は、怖いんじゃなくてよく知らないんだと思う。

俺も32歳になるまでそうだった。知識がないと怖いし、怖いから動かない、の繰り返し。

最初の一歩がめちゃくちゃ小さくていいって、もっと早く知りたかったな。",pending,,,
208,2026-05-23,19:00,型A,"FXTFって名前は知ってるけどよくわからない、って人が多い気がする。

特徴はFX、CFD、ノックアウトオプションを1口座で使えること。MT4にも対応してる。

「FXだけじゃなくていろいろ試してみたい」って段階になったら候補に入れてみて。
▶ ren-money.com/blog/fxtf-review/ #FXおすすめ","FXTFって名前は知ってるけどよくわからない、って人が多い気がする。

特徴はFX、CFD、ノックアウトオプションを1口座で使えること。MT4にも対応してる。

「FXだけじゃなくていろいろ試してみたい」って段階になったら候補に入れてみて。
▶ ren-money.com/blog/fxtf-review/ #FXおすすめ",pending,,,
209,2026-05-23,21:00,型D,"借金200万あったとき、「自分には投資は無理」って本気で思ってた。

でも今思うと、順番が違ったんだよね。お金がないから投資できない、じゃなくて、知識をつけながら小さく動き始めることが先だった。

気づくのが遅かったけど、それでも変われた。32歳の今、そう思ってる。","借金200万あったとき、「自分には投資は無理」って本気で思ってた。

でも今思うと、順番が違ったんだよね。お金がないから投資できない、じゃなくて、知識をつけながら小さく動き始めることが先だった。

気づくのが遅かったけど、それでも変われた。32歳の今、そう思ってる。",pending,,,
210,2026-05-24,07:30,型C,"エポスカードって意外と知らない人多いけど、年会費永久無料で海外旅行保険が500万円つくのはかなりコスパいいと思う。

サブカードとして持っておくだけで損はない感じ。

俺が実際に使ってみてよかった点まとめてるので参考に。
▶ ren-money.com/blog/epos-card-review/","エポスカードって意外と知らない人多いけど、年会費永久無料で海外旅行保険が500万円つくのはかなりコスパいいと思う。

サブカードとして持っておくだけで損はない感じ。

俺が実際に使ってみてよかった点まとめてるので参考に。
▶ ren-money.com/blog/epos-card-review/",pending,,,
211,2026-05-24,12:00,型B,"FXって何歳から始めるのがいいの？って聞かれたら、正直「早いほど良かった」と思う。

俺は28歳で始めたけど、25歳のときから知ってたら借金の返済ももっと早かったかもしれない。

まあ、後悔しても仕方ないし、今から始める人の背中を押せればいいかなって。 #FX初心者","FXって何歳から始めるのがいいの？って聞かれたら、正直「早いほど良かった」と思う。

俺は28歳で始めたけど、25歳のときから知ってたら借金の返済ももっと早かったかもしれない。

まあ、後悔しても仕方ないし、今から始める人の背中を押せればいいかなって。 #FX初心者",pending,,,
212,2026-05-24,19:00,型A,"FX口座、結局どれで迷ってる？

DMM FXは初心者でスマホ派、JFXはMT4でちゃんとやりたい人、FXTFはCFDも触ってみたい人。

スタイルで向き不向きが全然違うから、比較してから決めるのがいいと思う。

どれ使ってる？コメントで教えてくれると本気で答えるよ。
▶ ren-money.com/blog/fx-kouza-hikaku/","FX口座、結局どれで迷ってる？

DMM FXは初心者でスマホ派、JFXはMT4でちゃんとやりたい人、FXTFはCFDも触ってみたい人。

スタイルで向き不向きが全然違うから、比較してから決めるのがいいと思う。

どれ使ってる？コメントで教えてくれると本気で答えるよ。
▶ ren-money.com/blog/fx-kouza-hikaku/",pending,,,
213,2026-05-24,21:00,型D,"FXを始めて一番よかったのは、お金の仕組みを真剣に考えるようになったことかもしれない。

取引の勝ち負けよりも、為替がなんで動くか、世界の経済とどう繋がってるか、そこに興味が出てきた。

借金200万から資産500万弱まで来られたのは、たぶんそのマインドの変化が一番大きいと思う。","FXを始めて一番よかったのは、お金の仕組みを真剣に考えるようになったことかもしれない。

取引の勝ち負けよりも、為替がなんで動くか、世界の経済とどう繋がってるか、そこに興味が出てきた。

借金200万から資産500万弱まで来られたのは、たぶんそのマインドの変化が一番大きいと思う。",pending,,,
